MUNICÍPIO - UF,UF,LATITUDE,LONGITUDE
ABADIA DOS DOURADOS - MG,MG,-18.48756496,-47.39683244
ABAIARA - CE,CE,-7.356976596,-39.04754664
ABDON BATISTA - SC,SC,-27.60898712,-51.02527221
ABELARDO LUZ - SC,SC,-26.56303102,-52.33648238
ABRE CAMPO - MG,MG,-20.30144528,-42.48098999
ABREU E LIMA - PE,PE,-7.90444899,-34.89913058
ACARAÚ - CE,CE,-2.88531054,-40.11824147
ACARÁ - PA,PA,-1.9634365,-48.20045643
ACAUÃ - PI,PI,-8.220786663,-41.08363782
ACREÚNA - GO,GO,-17.39815622,-50.37497337
ADAMANTINA - SP,SP,-21.68831148,-51.07336475
ADUSTINA - BA,BA,-10.52957157,-38.11550583
AFONSO BEZERRA - RN,RN,-5.498734268,-36.50914823
AFRÂNIO - PE,PE,-8.511091284,-41.00579734
AFUÁ - PA,PA,-0.159171694,-50.39142759
AGRESTINA - PE,PE,-8.455973,-35.94677684
AGROLÂNDIA - SC,SC,-27.40051659,-49.82565339
AGUDO - RS,RS,-29.64566336,-53.25869169
AGUDOS - SP,SP,-22.474037,-48.99015629
AGUIARNÓPOLIS - TO,TO,-6.547170821,-47.47045659
AJURICABA - RS,RS,-28.23772901,-53.77281889
ALAGOA - MG,MG,-22.17113566,-44.63809887
ALAGOINHAS - BA,BA,-12.13418259,-38.42261577
ALDEIAS ALTAS - MA,MA,-4.630779495,-43.46873485
ALEGRE - ES,ES,-20.76326514,-41.53648832
ALEGRETE - RS,RS,-29.78204321,-55.79587015
ALEGRETE DO PIAUÍ - PI,PI,-7.245349466,-40.85786299
ALFENAS - MG,MG,-21.42817812,-45.9489182
ALFREDO CHAVES - ES,ES,-20.63034754,-40.76004965
ALMEIRIM - PA,PA,-1.527338803,-52.57683509
ALMIRANTE TAMANDARÉ - PR,PR,-25.3133776,-49.30031982
ALMIRANTE TAMANDARÉ DO SUL - RS,RS,-28.11372629,-52.91371455
ALPERCATA - MG,MG,-18.98683126,-41.98912911
ALTA FLORESTA - MT,MT,-9.871722597,-56.09161044
ALTA FLORESTA D'OESTE - RO,RO,-11.9355403,-61.9998239
ALTAMIRA - PA,PA,-3.20565951,-52.21437631
ALTO ALEGRE - RR,RR,2.993822948,-61.31402239
ALTO ARAGUAIA - MT,MT,-17.31558994,-53.22026033
ALTO DO RODRIGUES - RN,RN,-5.293807788,-36.75949261
ALTO GARÇAS - MT,MT,-16.94672218,-53.52845412
ALTO PARAGUAI - MT,MT,-14.51471181,-56.49444166
ALTO PARANÁ - PR,PR,-23.12712083,-52.32168244
ALTO TAQUARI - MT,MT,-17.83474365,-53.28199312
ALVARENGA - MG,MG,-19.41446969,-41.72644227
ALVARÃES - AM,AM,-3.216583769,-64.81353468
ALVINÓPOLIS - MG,MG,-20.11476348,-43.06608324
ALÉM PARAÍBA - MG,MG,-21.87680371,-42.6959466
AMAJARI - RR,RR,3.652118445,-61.42059017
AMAMBAI - MS,MS,-23.10058224,-55.24382769
AMATURÁ - AM,AM,-3.366805188,-68.20961464
AMERICANA - SP,SP,-22.7408835,-47.33036293
AMETISTA DO SUL - RS,RS,-27.35642547,-53.19217726
AMONTADA - CE,CE,-3.364877803,-39.82882279
AMPARO - SP,SP,-22.69938863,-46.76508569
AMÉRICO BRASILIENSE - SP,SP,-21.7300365,-48.10660456
ANAHY - PR,PR,-24.64758246,-53.13331983
ANAJÁS - PA,PA,-0.984451394,-49.94500104
ANAMÃ - AM,AM,-3.576370427,-61.40590348
ANANINDEUA - PA,PA,-1.368713568,-48.37206665
ANAURILÂNDIA - MS,MS,-22.18265027,-52.71816936
ANCHIETA - SC,SC,-26.53568086,-53.33327018
ANDIRÁ - PR,PR,-23.05175165,-50.2264076
ANDRADINA - SP,SP,-20.90146352,-51.37884779
ANDRÉ DA ROCHA - RS,RS,-28.6319772,-51.57373797
ANGELINA - SC,SC,-27.58225735,-48.98347606
ANGICAL - BA,BA,-12.00668277,-44.69582348
ANGICOS - RN,RN,-5.660365329,-36.60543287
ANGRA DOS REIS - RJ,RJ,-23.00911594,-44.31962726
ANGÉLICA - MS,MS,-22.15606252,-53.76973048
ANITA GARIBALDI - SC,SC,-27.68377729,-51.13119387
ANITÁPOLIS - SC,SC,-27.9098869,-49.13159937
ANORI - AM,AM,-3.745385586,-61.65895538
ANTA GORDA - RS,RS,-28.97088436,-52.01582344
ANTONINA - PR,PR,-25.43016613,-48.71290006
ANTÔNIO CARLOS - SC,SC,-27.51337105,-48.76496003
ANTÔNIO DIAS - MG,MG,-19.65146667,-42.86954521
ANTÔNIO GONÇALVES - BA,BA,-10.57579779,-40.2756587
ANTÔNIO PRADO - RS,RS,-28.85543762,-51.28357692
ANTÔNIO PRADO DE MINAS - MG,MG,-21.01823206,-42.10934265
ANÁPOLIS - GO,GO,-16.32882574,-48.9572179
APARECIDA - SP,SP,-22.848154,-45.22942934
APARECIDA DE GOIÂNIA - GO,GO,-16.8221465,-49.24332593
APARECIDA DO TABOADO - MS,MS,-20.08502151,-51.09763762
APERIBÉ - RJ,RJ,-21.61942177,-42.10491665
APIÚNA - SC,SC,-27.0418126,-49.39163763
APORÉ - GO,GO,-18.95887745,-51.928073
APUCARANA - PR,PR,-23.55159299,-51.45998514
APUÍ - AM,AM,-7.197870152,-59.8856661
AQUIRAZ - CE,CE,-3.9061945,-38.38980296
ARABUTÃ - SC,SC,-27.1574037,-52.14859926
ARACAJU - SE,SE,-10.9072158,-37.04821264
ARACATI - CE,CE,-4.56706647,-37.7727526
ARACI - BA,BA,-11.33572788,-38.96095816
ARACRUZ - ES,ES,-19.82327774,-40.27622338
ARAGUARI - MG,MG,-18.64826953,-48.19160538
ARAGUAÍNA - TO,TO,-7.19132894,-48.20870525
ARAPEÍ - SP,SP,-22.67479872,-44.44810656
ARAPIRACA - AL,AL,-9.755907011,-36.65729651
ARAPONGAS - PR,PR,-23.41351653,-51.43827973
ARAPORÃ - MG,MG,-18.44190938,-49.19008664
ARAPOTI - PR,PR,-24.14656917,-49.8248285
ARAPUTANGA - MT,MT,-15.46814427,-58.34836715
ARAPUÁ - MG,MG,-19.03385529,-46.15459777
ARAQUARI - SC,SC,-26.37595155,-48.69270741
ARARAQUARA - SP,SP,-21.7903595,-48.17443994
ARARAS - SP,SP,-22.35708652,-47.38582953
ARARIPINA - PE,PE,-7.5781415,-40.50246057
ARARUAMA - RJ,RJ,-22.87743839,-42.34109602
ARARUNA - PB,PB,-6.531447021,-35.73598051
ARARUNA - PR,PR,-23.92820095,-52.4996181
ARATIBA - RS,RS,-27.39444413,-52.30383195
ARAUCÁRIA - PR,PR,-25.591645,-49.4019397
ARAXÁ - MG,MG,-19.5913298,-46.94000989
ARAÇATUBA - SP,SP,-21.205476,-50.43922607
ARAÇUAÍ - MG,MG,-16.8517814,-42.06420655
ARCEBURGO - MG,MG,-21.36018148,-46.94435413
ARCOS - MG,MG,-20.28256312,-45.54363187
AREAL - RJ,RJ,-22.236912,-43.10106981
AREIA BRANCA - RN,RN,-4.952897631,-37.13127172
AREIA DE BARAÚNAS - PB,PB,-7.123695013,-36.94350796
AREIAL - PB,PB,-7.049961089,-35.92280943
ARENÓPOLIS - GO,GO,-16.38754562,-51.56002949
ARINOS - MG,MG,-15.92177169,-46.10775214
ARIPUANÃ - MT,MT,-10.1725237,-59.44861638
ARIQUEMES - RO,RO,-9.908462867,-63.03326928
ARIRANHA - SP,SP,-21.18612744,-48.78833656
ARMAÇÃO DOS BÚZIOS - RJ,RJ,-22.75776379,-41.88774947
ARRAIAS - TO,TO,-12.93441986,-46.94610706
ARROIO DO MEIO - RS,RS,-29.39889072,-51.94744949
ARROIO TRINTA - SC,SC,-26.93256486,-51.33412392
ARTUR NOGUEIRA - SP,SP,-22.57134301,-47.16430115
ARUJÁ - SP,SP,-23.39582674,-46.3204896
ARVOREDO - SC,SC,-27.07353356,-52.45778884
ARÊS - RN,RN,-6.193712274,-35.1606361
ASSIS - SP,SP,-22.66283502,-50.41751004
ASSIS BRASIL - AC,AC,-10.94286568,-69.56345917
ASSIS CHATEAUBRIAND - PR,PR,-24.40853008,-53.52123693
ASTOLFO DUTRA - MG,MG,-21.31120385,-42.85964431
ATALAIA - AL,AL,-9.501386747,-36.02142732
ATALAIA DO NORTE - AM,AM,-4.36615749,-70.18798928
AUGUSTO DE LIMA - MG,MG,-18.1125481,-44.27521884
AUTAZES - AM,AM,-3.578663642,-59.13356709
AVANHANDAVA - SP,SP,-21.46087056,-49.9426973
AVARÉ - SP,SP,-23.1031935,-48.92326319
AVEIRO - PA,PA,-3.605595259,-55.33073439
AÇAILÂNDIA - MA,MA,-4.951377,-47.50666459
AÇU - RN,RN,-5.571945999,-36.91792322
AÇUCENA - MG,MG,-19.07671289,-42.54621088
BAEPENDI - MG,MG,-21.95761081,-44.89037066
BAGÉ - RS,RS,-31.33050184,-54.10708329
BAIXO GUANDU - ES,ES,-19.51424613,-41.01206774
BALDIM - MG,MG,-19.2864373,-43.95704064
BALNEÁRIO CAMBORIÚ - SC,SC,-26.99181861,-48.63461748
BALSA NOVA - PR,PR,-25.57849781,-49.63175599
BALSAS - MA,MA,-7.53116999,-46.03899267
BAMBUÍ - MG,MG,-20.01189169,-45.97904481
BANANAL - SP,SP,-22.682616,-44.32333013
BANDEIRANTE - SC,SC,-26.7689379,-53.64104959
BANDEIRANTES - PR,PR,-23.0924805,-50.37187302
BARAÚNA - RN,RN,-5.076618105,-37.6181802
BARBACENA - MG,MG,-21.22491538,-43.77619332
BARCARENA - PA,PA,-1.505767005,-48.62707289
BARCELOS - AM,AM,-0.972801053,-62.92566966
BARIRI - SP,SP,-22.071978,-48.74152477
BARRA BONITA - SC,SC,-26.6522936,-53.44130254
BARRA BONITA - SP,SP,-22.4911455,-48.56322923
BARRA DE SÃO FRANCISCO - ES,ES,-18.75908905,-40.89039862
BARRA DO BUGRES - MT,MT,-15.06625794,-57.18640869
BARRA DO CHAPÉU - SP,SP,-24.471426,-49.02713914
BARRA DO GARÇAS - MT,MT,-15.88871145,-52.26032976
BARRA DO MENDES - BA,BA,-11.80882828,-42.05912842
BARRA DOS COQUEIROS - SE,SE,-10.90679925,-37.04124155
BARRA VELHA - SC,SC,-28.88311733,-49.29745809
BARRACÃO - RS,RS,-27.68022987,-51.46015146
BARREIRAS - BA,BA,-11.06377865,-39.04743197
BARREIRINHA - AM,AM,-2.798149837,-57.06775049
BARREIRINHAS - MA,MA,-2.750085949,-42.82780251
BARRETOS - SP,SP,-20.55845552,-48.56737784
BARRO ALTO - GO,GO,-14.9737086,-48.91570708
BARROSO - MG,MG,-21.176287,-43.97538112
BARUERI - SP,SP,-23.508902,-46.87465289
BARÃO DE GRAJAÚ - MA,MA,-6.758955206,-43.0264527
BARÃO DO TRIUNFO - RS,RS,-30.39048385,-51.73766947
BATAYPORÃ - MS,MS,-22.29587997,-53.27480699
BATATAIS - SP,SP,-20.8919295,-47.58610673
BAURU - SP,SP,-22.3251225,-49.08300087
BAYEUX - PB,PB,-7.132276485,-34.92918582
BAÍA FORMOSA - RN,RN,-6.369992304,-35.00903618
BEBEDOURO - SP,SP,-20.94981552,-48.47736217
BEBERIBE - CE,CE,-4.174763221,-38.12327304
BELA VISTA - MS,MS,-22.11597618,-56.53131457
BELA VISTA DE GOIÁS - GO,GO,-16.97312144,-48.9524116
BELFORD ROXO - RJ,RJ,-22.76455597,-43.39962497
BELMIRO BRAGA - MG,MG,-21.9501313,-43.41572077
BELO HORIZONTE - MG,MG,-19.93752429,-43.92645317
BELO ORIENTE - MG,MG,-19.224645,-42.4872826
BELO VALE - MG,MG,-20.40665787,-44.02852765
BELTERRA - PA,PA,-2.649020169,-54.94267474
BELÉM - PA,PA,-1.459845,-48.48782569
BENEDITO NOVO - SC,SC,-26.77750757,-49.36440275
BENEVIDES - PA,PA,-1.361437515,-48.24183645
BENJAMIN CONSTANT - AM,AM,-4.374989019,-70.02734843
BENTO DE ABREU - SP,SP,-21.26910802,-50.81185221
BENTO FERNANDES - RN,RN,-5.692383318,-35.82169889
BENTO GONÇALVES - RS,RS,-29.16740193,-51.51556031
BERILO - MG,MG,-16.95030176,-42.46135377
BERTIOGA - SP,SP,-23.8540145,-46.13653834
BERURI - AM,AM,-3.89451341,-61.37157089
BETIM - MG,MG,-19.96537924,-44.1975511
BETÂNIA DO PIAUÍ - PI,PI,-8.145665577,-40.79662193
BIGUAÇU - SC,SC,-27.49432274,-48.65448893
BIRITINGA - BA,BA,-11.62011026,-38.81215892
BLUMENAU - SC,SC,-26.91610771,-49.05763088
BOA VENTURA DE SÃO ROQUE - PR,PR,-24.87851759,-51.53937384
BOA VISTA - RR,RR,2.816681919,-60.67053267
BOA VISTA DAS MISSÕES - RS,RS,-27.66611104,-53.31275639
BOA VISTA DO CADEADO - RS,RS,-28.57743448,-53.81373464
BOA VISTA DO RAMOS - AM,AM,-2.971726532,-57.58770735
BOCA DA MATA - AL,AL,-9.547001894,-35.98257669
BOCA DO ACRE - AM,AM,-8.751243196,-67.39957776
BOCAINA - SP,SP,-22.13392255,-48.52049362
BOCAIÚVA - MG,MG,-17.11210473,-43.81444357
BOCAIÚVA DO SUL - PR,PR,-25.21490158,-49.10578748
BODÓ - RN,RN,-5.98804525,-36.4138377
BOITUVA - SP,SP,-23.281944,-47.6714735
BOM DESPACHO - MG,MG,-19.73759633,-45.2541152
BOM JARDIM - RJ,RJ,-22.15330523,-42.41721148
BOM JARDIM DA SERRA - SC,SC,-28.33794719,-49.62497775
BOM JESUS - RN,RN,-5.795703483,-37.41524211
BOM JESUS - RS,RS,-28.67057768,-50.43334927
BOM JESUS - SC,SC,-26.73592344,-52.39301596
BOM JESUS DA LAPA - BA,BA,-13.25411437,-43.41714164
BOM JESUS DO GALHO - MG,MG,-19.82447204,-42.31572655
BOM JESUS DO ITABAPOANA - RJ,RJ,-21.13449744,-41.67767979
BOM JESUS DO NORTE - ES,ES,-21.12934179,-41.67581051
BOM PRINCÍPIO - RS,RS,-29.49448511,-51.3555191
BOM PRINCÍPIO DO PIAUÍ - PI,PI,-3.189858688,-41.64520957
BOM SUCESSO DE ITARARÉ - SP,SP,-24.31826284,-49.14376192
BOM SUCESSO DO SUL - PR,PR,-26.07453714,-52.83197627
BONFIM - MG,MG,-17.86610323,-42.31267394
BONFIM - RR,RR,3.350288619,-59.87800663
BONINAL - BA,BA,-12.71512079,-41.82432848
BONITO - BA,BA,-11.9695725,-41.26840279
BONITO - MS,MS,-21.12434128,-56.49285862
BONITO - PE,PE,-8.4722605,-35.72852793
BONITO DE MINAS - MG,MG,-15.32380447,-44.75802844
BORACÉIA - SP,SP,-22.19320565,-48.77921828
BORBA - AM,AM,-4.390619891,-59.59455902
BORDA DA MATA - MG,MG,-22.27240826,-46.16716824
BORÁ - SP,SP,-22.27011711,-50.544881
BOTUCATU - SP,SP,-22.8883815,-48.44128938
BRAGA - RS,RS,-27.61919251,-53.74432938
BRAGANÇA PAULISTA - SP,SP,-22.9568955,-46.54233337
BRASILEIRA - PI,PI,-4.137829108,-41.78925964
BRASNORTE - MT,MT,-12.12493814,-58.00267363
BRASÍLIA - DF,DF,-15.79408736,-47.88790548
BRAÇO DO NORTE - SC,SC,-28.28003887,-49.16454771
BRAÚNAS - MG,MG,-19.05359662,-42.71535264
BREJINHO - RN,RN,-6.192579059,-35.35735405
BREVES - PA,PA,-1.6907365,-50.4808948
BROTAS - SP,SP,-22.28651699,-48.12683332
BROTAS DE MACAÚBAS - BA,BA,-12.00263554,-42.62469129
BRUMADINHO - MG,MG,-20.14417441,-44.20018761
BRUMADO - BA,BA,-14.20543824,-41.6670695
BRUNÓPOLIS - SC,SC,-27.31836215,-50.83592077
BRUSQUE - SC,SC,-27.09831023,-48.91516301
BUENO BRANDÃO - MG,MG,-22.43616701,-46.35338809
BURITAMA - SP,SP,-21.06703957,-50.14928125
BURITINÓPOLIS - GO,GO,-14.45602303,-46.43107711
BURITIS - RO,RO,-10.20980541,-63.82967879
BURITIZAL - SP,SP,-20.19314822,-47.70886004
BURITIZEIRO - MG,MG,-17.35942077,-44.95519368
CAAPIRANGA - AM,AM,-3.330093392,-61.21133413
CAAPORÃ - PB,PB,-7.514287641,-34.91785014
CAARAPÓ - MS,MS,-22.63658222,-54.8269701
CAATIBA - BA,BA,-14.97855064,-40.41027248
CABECEIRA GRANDE - MG,MG,-16.0282748,-47.08498931
CABO DE SANTO AGOSTINHO - PE,PE,-8.28986423,-35.03848897
CABO FRIO - RJ,RJ,-22.88076467,-42.0200748
CABREÚVA - SP,SP,-23.31267439,-47.13365837
CACHOEIRA - BA,BA,-12.5962108,-38.96939807
CACHOEIRA ALTA - GO,GO,-18.75100446,-50.94470784
CACHOEIRA DA PRATA - MG,MG,-19.52643533,-44.44105095
CACHOEIRA DO SUL - RS,RS,-30.04581998,-52.89341256
CACHOEIRA DOURADA - GO,GO,-18.48903561,-49.47091766
CACHOEIRINHA - RS,RS,-29.95062944,-51.09367695
CACHOEIRO DE ITAPEMIRIM - ES,ES,-20.85011235,-41.11191881
CACONDE - SP,SP,-21.52873804,-46.64683488
CAETITÉ - BA,BA,-14.06675432,-42.48571145
CAETÉS - PE,PE,-8.775594845,-36.62480401
CAFARNAUM - BA,BA,-11.69135622,-41.47222151
CAIEIRAS - SP,SP,-23.36211605,-46.74410142
CAIÇARA DO NORTE - RN,RN,-5.062994409,-36.05585715
CAIÇARA DO RIO DO VENTO - RN,RN,-5.759087143,-35.99979041
CAJAMAR - SP,SP,-23.36097138,-46.88292015
CAJATI - SP,SP,-24.72636097,-48.10499981
CAJAZEIRAS - PB,PB,-6.8904645,-38.56053037
CAJUEIRO - AL,AL,-9.389660575,-36.15637859
CAJURU - SP,SP,-21.2747175,-47.30426612
CALDAS - MG,MG,-21.92333596,-46.38778911
CALDAS NOVAS - GO,GO,-17.74353887,-48.62119747
CALDEIRÃO GRANDE DO PIAUÍ - PI,PI,-7.331559652,-40.63741891
CAMACHO - MG,MG,-20.62691585,-45.15879267
CAMANDUCAIA - MG,MG,-22.75674636,-46.14686329
CAMAPUÃ - MS,MS,-19.5352598,-54.04330949
CAMAQUÃ - RS,RS,-30.85070439,-51.81460091
CAMARAGIBE - PE,PE,-8.020521767,-34.99572136
CAMARGO - RS,RS,-28.58923753,-52.20379897
CAMAÇARI - BA,BA,-12.69881676,-38.32574006
CAMBARÁ - PR,PR,-23.04126648,-50.07757072
CAMBARÁ DO SUL - RS,RS,-29.04817527,-50.14376538
CAMBORIÚ - SC,SC,-27.0264565,-48.64999585
CAMBUÍ - MG,MG,-22.61109716,-46.05801936
CAMBÉ - PR,PR,-23.281632,-51.27772844
CAMOCIM - CE,CE,-2.900966575,-40.84752774
CAMPANHA - MG,MG,-21.8353567,-45.39844867
CAMPESTRE - MG,MG,-21.71145483,-46.24815851
CAMPESTRE DA SERRA - RS,RS,-28.79651225,-51.095664
CAMPESTRE DE GOIÁS - GO,GO,-16.76230922,-49.69553426
CAMPINA DAS MISSÕES - RS,RS,-27.99169003,-54.84532895
CAMPINA DO SIMÃO - PR,PR,-25.10257847,-51.81478653
CAMPINA GRANDE - PB,PB,-7.22149704,-35.88385911
CAMPINAS - SP,SP,-22.9073425,-47.06015627
CAMPINÁPOLIS - MT,MT,-14.53961743,-52.79749475
CAMPO BELO - MG,MG,-20.89531625,-45.27586136
CAMPO BELO DO SUL - SC,SC,-27.89665739,-50.76199375
CAMPO BOM - RS,RS,-29.6756851,-51.05886992
CAMPO ERÊ - SC,SC,-26.39455114,-53.09015517
CAMPO FLORIDO - MG,MG,-19.76544539,-48.57300347
CAMPO FORMOSO - BA,BA,-10.50566155,-40.31882099
CAMPO GRANDE - MS,MS,-20.45802999,-54.61574357
CAMPO LARGO - PR,PR,-25.4594905,-49.52884145
CAMPO LIMPO PAULISTA - SP,SP,-23.20939643,-46.76381923
CAMPO MAIOR - PI,PI,-4.829113927,-42.1667446
CAMPO MOURÃO - PR,PR,-24.0412232,-52.38111509
CAMPO NOVO - RS,RS,-27.67449261,-53.80281387
CAMPO NOVO DE RONDÔNIA - RO,RO,-10.56841647,-63.62499143
CAMPO NOVO DO PARECIS - MT,MT,-13.65473317,-57.88854648
CAMPO REDONDO - RN,RN,-6.243383053,-36.18250457
CAMPOS ALTOS - MG,MG,-19.69889584,-46.17370992
CAMPOS DE JÚLIO - MT,MT,-13.71992305,-59.26340852
CAMPOS DO JORDÃO - SP,SP,-22.74009191,-45.5892017
CAMPOS DOS GOYTACAZES - RJ,RJ,-21.75189863,-41.33047649
CAMPOS NOVOS - SC,SC,-27.39905298,-51.22367299
CAMUTANGA - PE,PE,-7.40708242,-35.28279064
CANARANA - MT,MT,-13.55922951,-52.27345686
CANAÃ - MG,MG,-20.68737604,-42.61301145
CANDEIAS - BA,BA,-12.67192271,-38.54359627
CANDEIAS - MG,MG,-20.77035004,-45.2768567
CANDELÁRIA - RS,RS,-29.67128542,-52.78966844
CANDIOTA - RS,RS,-31.56100972,-53.67780464
CANDÓI - PR,PR,-25.56793185,-52.0554464
CANELA - RS,RS,-29.35797185,-50.81486735
CANGUÇU - RS,RS,-31.39385952,-52.67628583
CANINDÉ DE SÃO FRANCISCO - SE,SE,-9.654104067,-37.78796372
CANOAS - RS,RS,-29.91869671,-51.18102978
CANOINHAS - SC,SC,-26.17880701,-50.39784871
CANTAGALO - PR,PR,-25.37431739,-52.12668763
CANTAGALO - RJ,RJ,-21.98183986,-42.3659776
CANTÁ - RR,RR,2.607666398,-60.60206285
CANUDOS - BA,BA,-10.94824948,-43.01304229
CANUTAMA - AM,AM,-6.529106076,-64.39423082
CANÁPOLIS - MG,MG,-18.72166372,-49.20405445
CAPANEMA - PR,PR,-25.68297742,-53.8001787
CAPELA - SE,SE,-10.50609963,-37.05483299
CAPINZAL - SC,SC,-27.34427846,-51.61136276
CAPINÓPOLIS - MG,MG,-18.68229373,-49.57448224
CAPITÃO DE CAMPOS - PI,PI,-8.336319592,-43.85097337
CAPITÃO ENÉAS - MG,MG,-16.32091514,-43.7054129
CAPITÃO LEÔNIDAS MARQUES - PR,PR,-25.47946848,-53.61721101
CAPIVARI - SP,SP,-22.99954891,-47.50220615
CAPIVARI DE BAIXO - SC,SC,-28.44904551,-48.96057507
CAPÃO ALTO - SC,SC,-27.94168528,-50.51147929
CAPÃO BONITO - SP,SP,-24.00680097,-48.35143452
CAPÃO BONITO DO SUL - RS,RS,-28.12597529,-51.39515846
CAPÃO DO LEÃO - RS,RS,-31.76683866,-52.48700757
CARACARAÍ - RR,RR,1.803871247,-61.14917687
CARAGUATATUBA - SP,SP,-23.6220065,-45.41081838
CARAMBEÍ - PR,PR,-24.95087298,-50.11309151
CARANDAÍ - MG,MG,-20.95436946,-43.80547537
CARANGOLA - MG,MG,-20.73255051,-42.03222452
CARAPICUÍBA - SP,SP,-23.5352495,-46.84144543
CARATINGA - MG,MG,-19.78963492,-42.14370705
CARAUARI - AM,AM,-4.881665904,-66.89663528
CARAVELAS - BA,BA,-17.73337053,-39.25338222
CARAZINHO - RS,RS,-28.28651059,-52.79189739
CARAÚBAS - RN,RN,-5.791176103,-37.5537022
CAREIRO - AM,AM,-3.82244727,-60.36380984
CAREIRO DA VÁRZEA - AM,AM,-3.197396595,-59.82631406
CARIACICA - ES,ES,-20.2946778,-40.3905591
CARLOS CHAGAS - MG,MG,-17.70333104,-40.7673998
CARMO - RJ,RJ,-21.92931178,-42.60971764
CARMO DA CACHOEIRA - MG,MG,-21.46106043,-45.22462309
CARMO DE MINAS - MG,MG,-22.11812663,-45.13276349
CARMO DO CAJURU - MG,MG,-20.18609383,-44.77147814
CARMO DO RIO VERDE - GO,GO,-15.35771366,-49.70286498
CARMÓPOLIS DE MINAS - MG,MG,-20.53964217,-44.63252771
CARNAUBAIS - RN,RN,-5.339785394,-36.83464236
CARNAUBAL - CE,CE,-4.163988562,-40.93563158
CARNEIRINHO - MG,MG,-19.69732632,-50.69142749
CAROEBE - RR,RR,0.872674507,-59.69481007
CARPINA - PE,PE,-7.846886716,-35.25806061
CARUARU - PE,PE,-8.285898,-35.96707336
CARVALHOS - MG,MG,-21.99670538,-44.46601507
CASA NOVA - BA,BA,-11.77403262,-39.22712307
CASCA - RS,RS,-28.55987402,-51.98323266
CASCAVEL - PR,PR,-24.9537975,-53.45972218
CASSILÂNDIA - MS,MS,-19.10940737,-51.73157689
CASTANHAL - PA,PA,-1.295756805,-47.92664314
CASTELO - ES,ES,-20.60206509,-41.2022127
CASTILHO - SP,SP,-20.87202655,-51.48940706
CASTRO - PR,PR,-24.7954175,-50.00281113
CATAGUASES - MG,MG,-21.38924842,-42.69208461
CATALÃO - GO,GO,-18.16957336,-47.94770322
CATANDUVA - SP,SP,-21.1395385,-48.97587094
CATANDUVAS - SC,SC,-27.07203522,-51.6589481
CATENDE - PE,PE,-8.6703075,-35.72166666
CATU - BA,BA,-12.35518656,-38.3762943
CAUCAIA - CE,CE,-3.736487,-38.66401754
CAVALCANTE - GO,GO,-13.79927851,-47.46343619
CAXAMBU DO SUL - SC,SC,-27.16128178,-52.88047489
CAXIAS - MA,MA,-4.86167499,-43.35853943
CAXIAS DO SUL - RS,RS,-29.16689901,-51.17886021
CAÇADOR - SC,SC,-26.77534767,-51.01903476
CAÇAPAVA - SP,SP,-23.10066375,-45.70773037
CAÇAPAVA DO SUL - RS,RS,-30.51474323,-53.48756892
CAÇU - GO,GO,-18.56305062,-51.13352861
CEARÁ-MIRIM - RN,RN,-5.640983592,-35.42448693
CEDRAL - SP,SP,-20.90423192,-49.27284155
CENTRALINA - MG,MG,-18.58538551,-49.19628257
CERQUEIRA CÉSAR - SP,SP,-23.0347975,-49.16533017
CERQUILHO - SP,SP,-23.1686725,-47.73753133
CERRO CORÁ - RN,RN,-6.034827193,-36.34574144
CERRO GRANDE - RS,RS,-27.60798013,-53.16591308
CHALÉ - MG,MG,-20.04425334,-41.69220701
CHAPADA DOS GUIMARÃES - MT,MT,-15.46056968,-55.74500452
CHAPADA GAÚCHA - MG,MG,-15.29980872,-45.62558444
CHAPADÃO DO CÉU - GO,GO,-18.3940322,-52.6708006
CHAPADÃO DO SUL - MS,MS,-18.79777312,-52.62635571
CHAPECÓ - SC,SC,-27.10683702,-52.61703111
CHAVANTES - SP,SP,-23.03200563,-49.71393615
CHAVES - PA,PA,-0.16243729,-49.98931861
CHIAPETTA - RS,RS,-27.91736475,-53.9457497
CHOPINZINHO - PR,PR,-25.85468385,-52.53396021
CHUPINGUAIA - RO,RO,-12.55684076,-60.90184775
CHUÍ - RS,RS,-33.68756687,-53.46267514
CIANORTE - PR,PR,-23.65381315,-52.60915089
CIDADE GAÚCHA - PR,PR,-23.37419739,-52.94052515
CLEMENTINA - SP,SP,-21.56031004,-50.45034869
CLEVELÂNDIA - PR,PR,-26.40520529,-52.3529862
CLÁUDIA - MT,MT,-11.50531074,-54.87418245
COARI - AM,AM,-4.084219159,-63.14218398
COCAL DO SUL - SC,SC,-28.60302287,-49.32712872
CODAJÁS - AM,AM,-3.843045933,-62.06342966
CODÓ - MA,MA,-4.4513375,-43.88608024
COELHO NETO - MA,MA,-4.2547375,-43.01401362
COLATINA - ES,ES,-19.53627008,-40.63031755
COLINA - SP,SP,-20.7187345,-48.53973833
COLNIZA - MT,MT,-9.457903847,-59.21894867
COLOMBO - PR,PR,-25.29434029,-49.22743798
COLORADO - PR,PR,-22.83789753,-51.97441621
COLORADO DO OESTE - RO,RO,-13.13056384,-60.55506746
COLÔMBIA - SP,SP,-20.17155884,-48.68748418
COLÔNIA LEOPOLDINA - AL,AL,-8.91268827,-35.71978086
COMENDADOR LEVY GASPARIAN - RJ,RJ,-22.03335894,-43.21722372
COMODORO - MT,MT,-13.66055992,-59.79043099
CONCEIÇÃO DA BARRA - ES,ES,-18.5984623,-39.72747442
CONCEIÇÃO DA BARRA DE MINAS - MG,MG,-21.13176937,-44.47780821
CONCEIÇÃO DAS ALAGOAS - MG,MG,-19.92311351,-48.38187413
CONCEIÇÃO DE IPANEMA - MG,MG,-19.93078036,-41.69244926
CONCEIÇÃO DO ARAGUAIA - PA,PA,-8.26486353,-49.26450081
CONCEIÇÃO DO CASTELO - ES,ES,-20.36558111,-41.24534804
CONCEIÇÃO DO JACUÍPE - BA,BA,-12.32294646,-38.76367372
CONCEIÇÃO DO MATO DENTRO - MG,MG,-19.04518999,-43.42343577
CONCEIÇÃO DO PARÁ - MG,MG,-19.74905623,-44.89587561
CONCÓRDIA - SC,SC,-27.23365878,-52.02397107
CONDADO - PB,PB,-6.912306777,-37.60397133
CONDOR - RS,RS,-28.20529578,-53.48894333
CONFINS - MG,MG,-19.62994825,-43.99559609
CONFRESA - MT,MT,-10.64073058,-51.57103362
CONGONHAS - MG,MG,-20.50464279,-43.85689265
CONQUISTA - MG,MG,-19.93693063,-47.54328322
CONQUISTA D'OESTE - MT,MT,-14.53627281,-59.54507421
CONSELHEIRO LAFAIETE - MG,MG,-20.6608518,-43.78844466
CONTAGEM - MG,MG,-19.94344591,-44.06634465
COQUEIRAL - MG,MG,-21.18657452,-45.44080557
COQUEIRO BAIXO - RS,RS,-29.1792568,-52.09460256
CORBÉLIA - PR,PR,-24.79964952,-53.29652778
CORDEIRÓPOLIS - SP,SP,-22.48170703,-47.45828293
CORDILHEIRA ALTA - SC,SC,-26.98508129,-52.60325127
COREMAS - PB,PB,-7.016918284,-37.94553728
COROACI - MG,MG,-18.61808351,-42.28302789
COROMANDEL - MG,MG,-18.4738506,-47.20154773
CORONEL DOMINGOS SOARES - PR,PR,-26.22654777,-52.03453868
CORONEL FABRICIANO - MG,MG,-19.52505284,-42.62434658
CORONEL VIVIDA - PR,PR,-25.9781535,-52.56708664
CORONEL XAVIER CHAVES - MG,MG,-21.02459501,-44.22862425
CORREIA PINTO - SC,SC,-27.58480834,-50.36376055
CORRENTINA - BA,BA,-13.34177182,-44.6410867
CORUMBIARA - RO,RO,-12.99752024,-60.94870117
CORUMBÁ - MS,MS,-19.00637465,-57.64898546
CORUMBÁ DE GOIÁS - GO,GO,-15.92790515,-48.81034506
CORUPÁ - SC,SC,-26.43196632,-49.226737
CORURIPE - AL,AL,-10.12654725,-36.17607831
COSMÓPOLIS - SP,SP,-22.64578489,-47.19677078
COSTA MARQUES - RO,RO,-12.43601388,-64.23165394
COSTA RICA - MS,MS,-18.54354839,-53.1330469
COTIA - SP,SP,-23.603514,-46.93184633
COTIPORÃ - RS,RS,-28.99857643,-51.69643368
COXIM - MS,MS,-18.50841054,-54.75805595
CRICIÚMA - SC,SC,-28.67357225,-49.36593956
CRISSIUMAL - RS,RS,-27.49801227,-54.10003491
CRISTAL - RS,RS,-30.99934519,-52.0494104
CRISTAL DO SUL - RS,RS,-27.45362957,-53.2491845
CRISTALINA - GO,GO,-16.76943366,-47.60681759
CRISTINA - MG,MG,-22.20832052,-45.26280861
CRISTINO CASTRO - PI,PI,-8.820186289,-44.22441475
CRUZ ALTA - RS,RS,-28.64244661,-53.60524076
CRUZ MACHADO - PR,PR,-26.01726888,-51.34770952
CRUZEIRO DO IGUAÇU - PR,PR,-25.61656927,-53.12682266
CRUZEIRO DO SUL - AC,AC,-7.630690005,-72.67253132
CRUZEIRO DO SUL - RS,RS,-29.50829097,-51.99157589
CUBATÃO - SP,SP,-23.883839,-46.42003177
CUIABÁ - MT,MT,-15.56998901,-56.07325204
CUJUBIM - RO,RO,-9.378193399,-62.58717453
CUMARU - PE,PE,-8.015032443,-35.69469896
CURITIBA - PR,PR,-25.432956,-49.27184789
CURITIBANOS - SC,SC,-27.28298251,-50.58260104
CURRAIS NOVOS - RN,RN,-6.264672219,-36.51621922
CURRAL NOVO DO PIAUÍ - PI,PI,-7.830797188,-40.90106947
CURRALINHO - PA,PA,-1.80942342,-49.79152285
CURURUPU - MA,MA,-1.825520781,-44.86776162
CURVELO - MG,MG,-18.75548072,-44.42839897
CÁSSIA DOS COQUEIROS - SP,SP,-21.28500043,-47.16710588
CÂNDIDO MOTA - SP,SP,-22.7469255,-50.38839317
CÉU AZUL - PR,PR,-25.14976121,-53.85726938
CÓRREGO FUNDO - MG,MG,-20.45552532,-45.55339545
DAMIÃO - PB,PB,-6.631897407,-35.90994254
DELFIM MOREIRA - MG,MG,-22.50200875,-45.27259636
DELFINÓPOLIS - MG,MG,-20.34584622,-46.85817961
DELMIRO GOUVEIA - AL,AL,-9.384574447,-37.99923349
DELTA - MG,MG,-19.97747269,-47.77297143
DESCALVADO - SP,SP,-21.909083,-47.62066397
DESCOBERTO - MG,MG,-21.46020397,-42.97206918
DEZESSEIS DE NOVEMBRO - RS,RS,-28.22687644,-55.0482085
DIADEMA - SP,SP,-23.689295,-46.62338139
DIAMANTE DO NORTE - PR,PR,-22.65720615,-52.86411124
DIAMANTINA - MG,MG,-18.24209272,-43.59445682
DIAMANTINO - MT,MT,-14.40132296,-56.43356608
DIANÓPOLIS - TO,TO,-11.62523188,-46.82040907
DIAS D'ÁVILA - BA,BA,-12.60436842,-38.29799359
DIVINO - MG,MG,-20.6129772,-42.14773934
DIVINÓPOLIS - MG,MG,-20.14207397,-44.89388553
DIVISA NOVA - MG,MG,-21.51726446,-46.20294111
DOBRADA - SP,SP,-21.51480433,-48.40024272
DOIS CÓRREGOS - SP,SP,-22.367316,-48.38267599
DOIS IRMÃOS - RS,RS,-29.58415878,-51.08761931
DOIS LAJEADOS - RS,RS,-28.97520539,-51.83510299
DOIS VIZINHOS - PR,PR,-25.74601002,-53.05483599
DOM ELISEU - PA,PA,-4.29077772,-47.55591489
DOM INOCÊNCIO - PI,PI,-9.008074943,-41.97685112
DOM PEDRITO - RS,RS,-30.98126706,-54.67413018
DOMINGOS MARTINS - ES,ES,-20.36423852,-40.65939635
DONA EMMA - SC,SC,-26.98630061,-49.71689775
DORES DE GUANHÃES - MG,MG,-19.05426178,-42.92672189
DORES DO RIO PRETO - ES,ES,-20.69289391,-41.84957736
DOURADINA - PR,PR,-23.38190722,-53.29644866
DOURADOS - MS,MS,-22.22723554,-54.81128912
DOUTOR PEDRINHO - SC,SC,-26.72046096,-49.47929336
DRACENA - SP,SP,-21.48613754,-51.53404966
DUAS BARRAS - RJ,RJ,-22.05890609,-42.51509763
DUQUE DE CAXIAS - RJ,RJ,-22.78525325,-43.30988807
DURANDÉ - MG,MG,-20.20723888,-41.79426165
EDÉIA - GO,GO,-17.33808003,-49.93442396
EIRUNEPÉ - AM,AM,-6.667352567,-69.86629026
ELIAS FAUSTO - SP,SP,-23.04253672,-47.37677424
ELISEU MARTINS - PI,PI,-8.09646229,-43.66481113
EMBU - SP,SP,-23.6473125,-46.85085999
ENCANTADO - RS,RS,-29.23991721,-51.87302313
ENCRUZILHADA DO SUL - RS,RS,-30.54365732,-52.52204539
ENGENHEIRO BELTRÃO - PR,PR,-23.80114407,-52.26003515
ENTRE RIOS DO SUL - RS,RS,-27.52885793,-52.73506795
ENTRE-IJUÍS - RS,RS,-28.36279428,-54.27143185
ENVIRA - AM,AM,-7.439817544,-70.03041254
EQUADOR - RN,RN,-6.945842749,-36.71641243
ERECHIM - RS,RS,-27.63340581,-52.2758769
ERNESTINA - RS,RS,-28.49715469,-52.57217621
ERVAL SECO - RS,RS,-27.54941713,-53.50957308
ERVAL VELHO - SC,SC,-27.27389548,-51.4434329
ERVÁLIA - MG,MG,-20.83350656,-42.65936747
ESCADA - PE,PE,-8.36252199,-35.23615742
ESPERANÇA - PB,PB,-7.020685,-35.85859329
ESPIGÃO D'OESTE - RO,RO,-11.52855463,-61.02017311
ESPLANADA - BA,BA,-11.7994095,-37.94498147
ESPÍRITO SANTO DO PINHAL - SP,SP,-22.1970535,-46.74551429
ESPÍRITO SANTO DO TURVO - SP,SP,-22.69497349,-49.42982529
ESTEIO - RS,RS,-29.8521863,-51.14383734
ESTRELA - RS,RS,-29.50347188,-51.97026029
ESTÂNCIA - SE,SE,-11.26794865,-37.44001085
EUGÊNIO DE CASTRO - RS,RS,-28.52505976,-54.14811262
EUNÁPOLIS - BA,BA,-16.37516723,-39.58417194
EUSÉBIO - CE,CE,-3.886972887,-38.44512184
FARO - PA,PA,-2.172975242,-56.74575302
FARROUPILHA - RS,RS,-29.22367919,-51.34834957
FAXINAL DOS GUEDES - SC,SC,-26.85978672,-52.2714154
FAXINALZINHO - RS,RS,-27.42541551,-52.67059124
FAZENDA RIO GRANDE - PR,PR,-25.64140022,-49.32329319
FEIJÓ - AC,AC,-8.16024753,-70.35398361
FEIRA DE SANTANA - BA,BA,-12.22928425,-38.9600331
FERNANDO DE NORONHA - PE,PE,-3.852021401,-32.43518633
FERNANDO PEDROZA - RN,RN,-5.696015781,-36.53245354
FERNANDO PRESTES - SP,SP,-21.26712199,-48.69227305
FERNANDÓPOLIS - SP,SP,-20.28238299,-50.24874843
FERRAZ DE VASCONCELOS - SP,SP,-23.5415445,-46.36655267
FERREIRA GOMES - AP,AP,0.853977393,-51.18742905
FIGUEIRA - PR,PR,-23.84341076,-50.40920109
FIGUEIRÓPOLIS D'OESTE - MT,MT,-15.44613511,-58.73782455
FIRMINO ALVES - BA,BA,-14.98493538,-39.92144176
FIRMINÓPOLIS - GO,GO,-16.57646123,-50.30363434
FLOR DO SERTÃO - SC,SC,-26.77943233,-53.34489144
FLORES - PE,PE,-7.861714475,-37.97145611
FLORES DA CUNHA - RS,RS,-29.03114214,-51.18222058
FLORESTA - PE,PE,-8.6008265,-38.57123934
FLORESTAL - MG,MG,-19.89451823,-44.43011556
FLORESTÓPOLIS - PR,PR,-22.8591043,-51.38382265
FLORIANO - PI,PI,-6.769672434,-43.02064474
FLORIANO PEIXOTO - RS,RS,-27.86250928,-52.0856071
FLORIANÓPOLIS - SC,SC,-27.58779555,-48.54763738
FONTE BOA - AM,AM,-2.512270685,-66.09650299
FONTOURA XAVIER - RS,RS,-28.98216779,-52.34495318
FORMIGA - MG,MG,-20.46488355,-45.42642818
FORMOSA - GO,GO,-15.54094463,-47.33581558
FORMOSA DO RIO PRETO - BA,BA,-11.04703249,-45.19099091
FORMOSO - MG,MG,-14.9517426,-46.23997954
FORTALEZA - CE,CE,-3.723805035,-38.58992756
FORTIM - CE,CE,-4.449804917,-37.79897549
FOZ DO IGUAÇU - PR,PR,-25.54249328,-54.58710249
FOZ DO JORDÃO - PR,PR,-25.73343962,-52.12562753
FRAIBURGO - SC,SC,-27.02344696,-50.92507924
FRANCA - SP,SP,-20.536097,-47.40233163
FRANCISCO BELTRÃO - PR,PR,-26.07845,-53.05613572
FRANCISCO SÁ - MG,MG,-16.47568087,-43.48873528
FREDERICO WESTPHALEN - RS,RS,-27.35888241,-53.40077674
FREI INOCÊNCIO - MG,MG,-18.56178973,-41.90121659
FREI ROGÉRIO - SC,SC,-27.1747515,-50.80640825
FRONTEIRA - MG,MG,-20.28830056,-49.20428203
FRONTEIRAS - PI,PI,-7.088412533,-40.61723293
FRUTAL - MG,MG,-20.02589788,-48.93915371
FÁTIMA DO SUL - MS,MS,-22.37542321,-54.51637599
GALINHOS - RN,RN,-5.091689778,-36.27464007
GAMELEIRA - PE,PE,-8.583835771,-35.38661078
GAMELEIRA DE GOIÁS - GO,GO,-16.48273663,-48.64570549
GAMELEIRAS - MG,MG,-15.07682207,-43.11948084
GARÇA - SP,SP,-22.21070949,-49.65652994
GASPAR - SC,SC,-26.91836851,-48.96770657
GAVIÃO PEIXOTO - SP,SP,-21.8403669,-48.4954592
GAÚCHA DO NORTE - MT,MT,-13.18804319,-53.26151867
GENERAL CARNEIRO - PR,PR,-26.42580253,-51.31685892
GENERAL SALGADO - SP,SP,-20.64836932,-50.3618137
GENTIO DO OURO - BA,BA,-11.42753131,-42.50474239
GILBUÉS - PI,PI,-9.834569906,-45.34691998
GIRUÁ - RS,RS,-28.02974437,-54.35084008
GOIANA - PE,PE,-7.559231855,-34.9983763
GOIANDIRA - GO,GO,-18.13262467,-48.08847137
GOIANIRA - GO,GO,-16.50319156,-49.42877727
GOIANÉSIA - GO,GO,-15.32228875,-49.11581015
GOIATUBA - GO,GO,-18.01063324,-49.36664347
GOIOERÊ - PR,PR,-24.18918839,-53.02731891
GOIOXIM - PR,PR,-25.20154031,-52.00558797
GOIÂNIA - GO,GO,-16.67330977,-49.25581428
GOUVEIA - MG,MG,-18.4429725,-43.73398675
GOVERNADOR VALADARES - MG,MG,-18.8528824,-41.94708133
GRAVATAÍ - RS,RS,-29.94551891,-50.99079297
GRAVATÁ - PE,PE,-8.2059995,-35.57149239
GRÃO MOGOL - MG,MG,-16.56649515,-42.88801288
GUADALUPE - PI,PI,-6.785246909,-43.56692365
GUAIMBÊ - SP,SP,-21.91092066,-49.89717775
GUAJARÁ-MIRIM - RO,RO,-10.77388374,-65.32395182
GUAMARÉ - RN,RN,-5.107362955,-36.31814438
GUAMIRANGA - PR,PR,-25.18990945,-50.8098759
GUANAMBI - BA,BA,-14.22531503,-42.77856197
GUANHÃES - MG,MG,-18.77715079,-42.9370491
GUAPIAÇU - SP,SP,-20.79644862,-49.21914586
GUAPORÉ - RS,RS,-28.84913364,-51.89065069
GUARACI - SP,SP,-20.49880921,-48.9445026
GUARACIABA - MG,MG,-20.5717035,-43.01128165
GUARACIABA - SC,SC,-26.60034757,-53.52208972
GUARAMIRIM - SC,SC,-26.47444513,-48.99210427
GUARANI - MG,MG,-21.36266919,-43.04645668
GUARANI DAS MISSÕES - RS,RS,-28.14177926,-54.56055593
GUARANTÃ DO NORTE - MT,MT,-9.954073234,-54.91605731
GUARANÉSIA - MG,MG,-21.30556037,-46.79549122
GUARAPUAVA - PR,PR,-25.39359198,-51.46343108
GUARARAPES - SP,SP,-21.2534465,-50.64263905
GUARATINGUETÁ - SP,SP,-22.81742509,-45.19160013
GUARATUBA - PR,PR,-25.87424198,-48.57572596
GUARAÍ - TO,TO,-8.836165658,-48.50864061
GUARIBA - SP,SP,-21.357996,-48.23405673
GUARUJÁ - SP,SP,-23.995149,-46.24903428
GUARULHOS - SP,SP,-23.468506,-46.53108409
GUARÁ - SP,SP,-20.42755706,-47.82459295
GUATAMBÚ - SC,SC,-27.13691087,-52.78384013
GUATAPARÁ - SP,SP,-21.49189465,-48.03772936
GUAXUPÉ - MG,MG,-21.30378146,-46.71353723
GUAÍBA - RS,RS,-30.10860192,-51.31468366
GUAÍRA - SP,SP,-20.32014434,-48.31447049
GUIMARÂNIA - MG,MG,-18.83801922,-46.79726503
GURUPI - TO,TO,-11.72977232,-49.07147747
GURUPÁ - PA,PA,-1.404918,-51.64369572
GÁLIA - SP,SP,-22.29401925,-49.55211133
HIDROLÂNDIA - GO,GO,-16.96094477,-49.22978404
HORIZONTE - CE,CE,-4.093278,-38.49423956
HORTOLÂNDIA - SP,SP,-22.858395,-47.22109661
HULHA NEGRA - RS,RS,-31.40509825,-53.86782479
HUMAITÁ - AM,AM,-7.512224951,-63.02669802
HUMBERTO DE CAMPOS - MA,MA,-2.591223972,-43.46509214
IACANGA - SP,SP,-21.8919776,-49.01692992
IARAS - SP,SP,-22.87189228,-49.15617915
IAURETÊ - AM,AM,0.619660111,-69.18042254
IBAITI - PR,PR,-23.84982149,-50.19066627
IBARETAMA - CE,CE,-4.818651578,-38.82167831
IBATÉ - SP,SP,-21.955602,-48.00238821
IBIAPINA - CE,CE,-3.936131262,-40.89392902
IBIAÇÁ - RS,RS,-28.04884952,-51.85725209
IBICARÉ - SC,SC,-27.09154902,-51.36845026
IBICUÍ - BA,BA,-14.84309037,-39.98983211
IBIMIRIM - PE,PE,-8.538762208,-37.69004669
IBIPEBA - BA,BA,-11.63752644,-42.01124844
IBIRACI - MG,MG,-20.47015488,-47.13080349
IBIRAMA - SC,SC,-27.05354088,-49.52202776
IBIRAPITANGA - BA,BA,-14.1650325,-39.37446653
IBIRAPUITÃ - RS,RS,-28.61502042,-52.51938559
IBIRAPUÃ - BA,BA,-17.68419714,-40.10630941
IBIRAREMA - SP,SP,-22.81454296,-50.07912539
IBIRITÉ - MG,MG,-20.02803775,-44.05666464
IBIRUBÁ - RS,RS,-28.62760778,-53.08835402
IBITIARA - BA,BA,-12.6455137,-42.21329432
IBITINGA - SP,SP,-21.75708298,-48.82769469
IBITITÁ - BA,BA,-11.55277072,-41.97515215
IBIÁ - MG,MG,-19.47511172,-46.53861142
IBIÚNA - SP,SP,-23.6526325,-47.22049119
ICAPUÍ - CE,CE,-4.715549488,-37.3535631
ICÓ - CE,CE,-6.403031252,-38.86308518
IGAPORÃ - BA,BA,-13.76797648,-42.71787981
IGARAPAVA - SP,SP,-20.03961254,-47.75106657
IGARAPÉ-MIRI - PA,PA,-1.983116,-48.96229947
IGARASSU - PE,PE,-7.82837199,-34.91058339
IGARATINGA - MG,MG,-19.95388625,-44.70049513
IGARAÇU DO TIETÊ - SP,SP,-22.511149,-48.5570661
IGRAPIÚNA - BA,BA,-13.82040244,-39.1400808
IGREJA NOVA - AL,AL,-10.12929884,-36.65334501
IGUABA GRANDE - RJ,RJ,-22.83905698,-42.22212454
IGUATEMI - MS,MS,-23.66190156,-54.55860109
IGUAÍ - BA,BA,-14.75796253,-40.09751345
IJUÍ - RS,RS,-28.38853654,-53.91806684
ILHA GRANDE - PI,PI,-2.854008607,-41.81977318
ILHA SOLTEIRA - SP,SP,-20.4293725,-51.34489066
ILHOTA - SC,SC,-26.90462518,-48.82501401
ILHÉUS - BA,BA,-14.79332027,-39.04318429
ILÓPOLIS - RS,RS,-28.92915273,-52.12215749
IMPERATRIZ - MA,MA,-5.526524025,-47.47981081
INAJÁ - PE,PE,-8.902046079,-37.82448511
INDAIAL - SC,SC,-26.906256,-49.24014046
INDAIATUBA - SP,SP,-23.081646,-47.21230894
INDEPENDÊNCIA - RS,RS,-27.84733156,-54.18810833
INDIANÓPOLIS - MG,MG,-19.04249493,-47.91799232
INDIAVAÍ - MT,MT,-15.49751423,-58.57399239
INHAPIM - MG,MG,-19.55011472,-42.12193093
IPABA - MG,MG,-19.41325083,-42.41816567
IPAMERI - GO,GO,-17.72217681,-48.15866768
IPANEMA - MG,MG,-19.80033595,-41.71735332
IPATINGA - MG,MG,-19.4810321,-42.52035111
IPAUSSU - SP,SP,-23.052913,-49.62680698
IPERÓ - SP,SP,-23.35027739,-47.68989389
IPIRA - SC,SC,-27.40970885,-51.77085362
IPIXUNA - AM,AM,-7.050980114,-71.69441806
IPOJUCA - PE,PE,-8.315576988,-36.94154288
IPUAÇU - SC,SC,-26.6325601,-52.45429691
IPUMIRIM - SC,SC,-27.06832636,-52.14054087
IPUPIARA - BA,BA,-11.8288274,-42.61068885
IPÊ - RS,RS,-28.81832803,-51.27991019
IRACEMA - RR,RR,2.168214765,-61.05225859
IRACEMÁPOLIS - SP,SP,-22.58303693,-47.52224663
IRAQUARA - BA,BA,-12.24350102,-41.61795886
IRAÍ DE MINAS - MG,MG,-18.98185835,-47.46299142
IRINEÓPOLIS - SC,SC,-26.23661294,-50.80390005
ITABERAÍ - GO,GO,-16.02113021,-49.80347937
ITABIRA - MG,MG,-19.63816949,-43.22395162
ITABIRITO - MG,MG,-20.25417651,-43.80214298
ITABORAÍ - RJ,RJ,-22.74586302,-42.86034343
ITABUNA - BA,BA,-14.78903955,-39.27310895
ITACARAMBI - MG,MG,-15.10264186,-44.0931858
ITACARÉ - BA,BA,-14.27824929,-38.99484155
ITACOATIARA - AM,AM,-3.140378804,-58.44017544
ITAGUARA - MG,MG,-20.39067822,-44.48677796
ITAGUAÇU DA BAHIA - BA,BA,-11.00872221,-42.40115712
ITAGUAÍ - RJ,RJ,-22.87125077,-43.77504063
ITAIPULÂNDIA - PR,PR,-25.13848065,-54.30500074
ITAITUBA - PA,PA,-4.26372948,-55.99004886
ITAJAÍ - SC,SC,-26.90742624,-48.65702321
ITAJOBI - SP,SP,-21.31570706,-49.05431108
ITAJUBÁ - MG,MG,-22.43060057,-45.4645825
ITAMARAJU - BA,BA,-17.0423376,-39.53303988
ITAMARATI - AM,AM,-6.437799349,-68.24791744
ITAMBÉ - BA,BA,-15.24801919,-40.62404172
ITAMONTE - MG,MG,-22.28512697,-44.8682875
ITANHAÉM - SP,SP,-24.18612067,-46.79099148
ITAPACI - GO,GO,-14.95040322,-49.55415611
ITAPAGIPE - MG,MG,-19.90329583,-49.36982104
ITAPEBI - BA,BA,-15.97216666,-39.52854139
ITAPEJARA D'OESTE - PR,PR,-25.97087805,-52.8139296
ITAPEMA - SC,SC,-27.09593788,-48.61739939
ITAPEMIRIM - ES,ES,-21.01109963,-40.83614512
ITAPERUNA - RJ,RJ,-21.21059108,-41.88620318
ITAPETINGA - BA,BA,-15.24616719,-40.24738091
ITAPETININGA - SP,SP,-23.5878725,-48.0461429
ITAPEVA - SP,SP,-23.983438,-48.87738916
ITAPEVI - SP,SP,-23.546934,-46.93337286
ITAPIPOCA - CE,CE,-3.4994355,-39.58348158
ITAPIRA - SP,SP,-22.4360055,-46.82124801
ITAPIRANGA - AM,AM,-2.741842752,-58.03454588
ITAPISSUMA - PE,PE,-7.774034765,-34.88927105
ITAPUÍ - SP,SP,-22.23212763,-48.71887416
ITAQUAQUECETUBA - SP,SP,-23.4768975,-46.35160314
ITAQUI - RS,RS,-29.1286369,-56.5571335
ITARANTIM - BA,BA,-15.65783004,-40.06154527
ITARARÉ - SP,SP,-24.11213796,-49.33611971
ITAREMA - CE,CE,-2.923348,-39.91567775
ITARUMÃ - GO,GO,-18.76166023,-51.3488899
ITATIAIA - RJ,RJ,-22.4970146,-44.56277199
ITATINGA - SP,SP,-23.1042734,-48.61338027
ITAÍ - SP,SP,-23.41905539,-49.08103225
ITAÚ DE MINAS - MG,MG,-20.73818939,-46.75295378
ITAÚBA - MT,MT,-11.0077119,-55.24668933
ITAÚNA - MG,MG,-20.07443559,-44.57827658
ITIQUIRA - MT,MT,-17.20682506,-54.1443009
ITORORÓ - BA,BA,-15.11903731,-40.07170334
ITU - SP,SP,-23.2654425,-47.29974984
ITUIUTABA - MG,MG,-18.97306768,-49.46223519
ITUMBIARA - GO,GO,-18.41768247,-49.22087008
ITUPORANGA - SC,SC,-27.41485849,-49.6034147
ITURAMA - MG,MG,-19.73194752,-50.20197358
ITUTINGA - MG,MG,-21.29605636,-44.65883815
ITÁ - SC,SC,-27.28177872,-52.32918252
ITÁPOLIS - SP,SP,-21.59470399,-48.81339199
IVATÉ - PR,PR,-23.40958887,-53.37387941
IVINHEMA - MS,MS,-22.30160356,-53.82697015
JABOATÃO DOS GUARARAPES - PE,PE,-8.165391467,-34.92117347
JABORANDI - BA,BA,-13.625934,-44.46596999
JABORÁ - SC,SC,-27.17285309,-51.74335384
JABOTICABAL - SP,SP,-21.2544715,-48.32034975
JABOTICATUBAS - MG,MG,-19.52228862,-43.74733363
JACARACI - BA,BA,-14.84919057,-42.43060877
JACAREACANGA - PA,PA,-6.223551731,-57.76633986
JACAREZINHO - PR,PR,-23.16011648,-49.97857253
JACAREÍ - SP,SP,-23.3048805,-45.9695932
JACI - SP,SP,-20.88408513,-49.57334461
JACIARA - MT,MT,-15.96483818,-54.96418818
JACOBINA - BA,BA,-11.18506216,-40.51301763
JACUTINGA - MG,MG,-22.28663803,-46.61234117
JACUÍ - MG,MG,-21.01760216,-46.74201038
JAGUARAÇU - MG,MG,-19.6470727,-42.75299906
JAGUARETAMA - CE,CE,-5.610889563,-38.7625263
JAGUARI - RS,RS,-29.49734673,-54.69384667
JAGUARIAÍVA - PR,PR,-24.2530565,-49.7121863
JAGUARIÚNA - SP,SP,-22.70678196,-46.98234347
JAGUARUANA - CE,CE,-4.839555168,-37.78239148
JAGUARUNA - SC,SC,-28.62496369,-49.04912899
JANAÚBA - MG,MG,-15.79902846,-43.30768294
JANDAIA - GO,GO,-17.04942114,-50.14800764
JANDAIA DO SUL - PR,PR,-23.60117892,-51.64339536
JANDAÍRA - RN,RN,-5.35528,-36.13058527
JANDIRA - SP,SP,-23.529939,-46.90522114
JANUÁRIA - MG,MG,-15.48787281,-44.35980533
JAPARATUBA - SE,SE,-10.58946681,-36.9417863
JAPERI - RJ,RJ,-22.64481857,-43.6537858
JAPURÁ - AM,AM,-1.880844859,-66.99690349
JAQUEIRA - PE,PE,-8.727969878,-35.79739521
JARAGUARI - MS,MS,-20.10374039,-54.44068395
JARAGUÁ DO SUL - SC,SC,-26.49048435,-49.07629882
JARDIM DE ANGICOS - RN,RN,-5.652631212,-35.96995433
JARDINÓPOLIS - SC,SC,-26.7205694,-52.85889926
JATAÍ - GO,GO,-17.88623233,-51.72081804
JATOBÁ - PE,PE,-9.185069993,-38.27503766
JAÍBA - MG,MG,-15.34293405,-43.67032888
JAÚ - SP,SP,-22.29579099,-48.55814139
JECEABA - MG,MG,-20.53303344,-43.98523192
JEQUITINHONHA - MG,MG,-16.44176894,-41.00711544
JEQUIÁ DA PRAIA - AL,AL,-10.00959189,-36.02733404
JEQUIÉ - BA,BA,-13.85566401,-40.08860733
JI-PARANÁ - RO,RO,-10.88205132,-61.94509458
JOAQUIM NABUCO - PE,PE,-8.626898299,-35.52924183
JOAÇABA - SC,SC,-27.17394453,-51.50668973
JOINVILLE - SC,SC,-26.30451765,-48.84940914
JORDÃO - AC,AC,-9.19335786,-71.95087512
JOSÉ BONIFÁCIO - SP,SP,-21.05371904,-49.68628272
JOÃO COSTA - PI,PI,-8.489125722,-42.41784858
JOÃO CÂMARA - RN,RN,-5.538423383,-35.81678787
JOÃO DOURADO - BA,BA,-11.34640522,-41.65998918
JOÃO MONLEVADE - MG,MG,-19.80563869,-43.17457127
JOÃO NEIVA - ES,ES,-19.7529586,-40.38088049
JOÃO PESSOA - PB,PB,-7.14938202,-34.87338481
JOÃO PINHEIRO - MG,MG,-17.74185294,-46.17546355
JUAZEIRINHO - PB,PB,-7.065368311,-36.57070101
JUAZEIRO - BA,BA,-9.410717096,-40.50355216
JUAZEIRO DO NORTE - CE,CE,-7.210766,-39.31699336
JUCURUÇU - BA,BA,-16.84451615,-40.15881263
JUIZ DE FORA - MG,MG,-21.76092431,-43.34881727
JUNCO DO SERIDÓ - PB,PB,-6.993337649,-36.71644123
JUNDIAÍ - SP,SP,-23.187668,-46.88527397
JUNQUEIRÓPOLIS - SP,SP,-21.51127575,-51.43401195
JUQUITIBA - SP,SP,-23.9356892,-47.08159407
JUQUIÁ - SP,SP,-24.32070308,-47.63534197
JURUENA - MT,MT,-10.32911278,-58.49630917
JURUTI - PA,PA,-2.155252995,-56.09499769
JURUÁ - AM,AM,-3.474889599,-66.06304193
JUSCIMEIRA - MT,MT,-16.04468519,-54.88876094
JUSSARA - PR,PR,-23.61632671,-52.4730408
JUTAÍ - AM,AM,-2.744646447,-66.77132755
JUÍNA - MT,MT,-11.42201803,-58.76221715
JÚLIO DE CASTILHOS - RS,RS,-29.22644912,-53.68309961
LACERDÓPOLIS - SC,SC,-27.26460009,-51.56286637
LAGES - SC,SC,-27.81725946,-50.33022242
LAGOA DA CONFUSÃO - TO,TO,-10.78869556,-49.62008534
LAGOA DA PRATA - MG,MG,-20.02376533,-45.54169203
LAGOA DO BARRO DO PIAUÍ - PI,PI,-8.482437115,-41.53027541
LAGOA DE ITAENGA - PE,PE,-7.932378179,-35.29280365
LAGOA NOVA - RN,RN,-6.097669296,-36.45896067
LAGOA VERMELHA - RS,RS,-28.20887025,-51.52722853
SETE LAGOAS - MG,MG,-19.45828742,-44.23959462
LAGUNA - SC,SC,-28.48358595,-48.78138862
LAJEADO - TO,TO,-9.744682436,-48.35850395
LAJES - RN,RN,-5.698830359,-36.24273513
LAPA - PR,PR,-25.76510249,-49.71859581
LARANJA DA TERRA - ES,ES,-19.89869345,-41.05524435
LARANJAL - PR,PR,-24.88830158,-52.47166618
LARANJEIRAS - SE,SE,-10.79702951,-37.1605682
LARANJEIRAS DO SUL - PR,PR,-25.40168151,-52.40884742
LASSANCE - MG,MG,-17.89511518,-44.57935856
LAURO DE FREITAS - BA,BA,-12.89671761,-38.32346161
LAVRAS - MG,MG,-21.24287024,-44.99993111
LAVRAS DA MANGABEIRA - CE,CE,-6.754747977,-38.96727505
LAVRINHAS - SP,SP,-22.57009647,-44.89311028
LEBON RÉGIS - SC,SC,-26.92911401,-50.69182786
LEME - SP,SP,-22.18543601,-47.38870797
LENÇÓIS PAULISTA - SP,SP,-22.597507,-48.79868197
LEOBERTO LEAL - SC,SC,-27.50638952,-49.2894015
LEOPOLDINA - MG,MG,-21.53072936,-42.64184413
LEOPOLDO DE BULHÕES - GO,GO,-16.61896493,-48.74645234
LIBERATO SALZANO - RS,RS,-27.59647016,-53.07486074
LIBERDADE - MG,MG,-22.0243587,-44.31514094
LICÍNIO DE ALMEIDA - BA,BA,-14.67586608,-42.50268364
LIMA DUARTE - MG,MG,-21.84109552,-43.79638322
LIMEIRA - SP,SP,-22.562194,-47.40193952
LIMEIRA DO OESTE - MG,MG,-19.54777716,-50.57529037
LIMOEIRO DO NORTE - CE,CE,-5.15023902,-38.09909487
LINHARES - ES,ES,-19.39810593,-40.0653058
LINS - SP,SP,-21.6723465,-49.75142339
LONDRINA - PR,PR,-23.312156,-51.16277342
LORENA - SP,SP,-22.73169303,-45.12424814
LOUVEIRA - SP,SP,-23.0867785,-46.94644022
LUCAS DO RIO VERDE - MT,MT,-13.07046495,-55.92177071
LUCÉLIA - SP,SP,-21.72341565,-51.01834914
LUIZ ALVES - SC,SC,-26.72111079,-48.92604677
LUPÉRCIO - SP,SP,-22.41381539,-49.8203247
LUZIÂNIA - GO,GO,-16.258541,-47.95572006
LUÍS ANTÔNIO - SP,SP,-21.55170653,-47.70027994
LUÍS CORREIA - PI,PI,-2.881566536,-41.66456723
LUÍS EDUARDO MAGALHÃES - BA,BA,-12.07837226,-45.80046441
LÁBREA - AM,AM,-7.261946553,-64.79477303
MACAPARANA - PE,PE,-7.555680699,-35.44987498
MACAPÁ - AP,AP,0.03895101,-51.05740546
MACARANI - BA,BA,-15.56731615,-40.42204411
MACATUBA - SP,SP,-22.50554963,-48.71140539
MACAU - RN,RN,-5.11336765,-36.63497318
MACAÉ - RJ,RJ,-22.36870497,-41.77506429
MACAÍBA - RN,RN,-5.85723662,-35.35523713
MACEIÓ - AL,AL,-9.660822152,-35.70162991
MACHADINHO - RS,RS,-27.56813997,-51.66750736
MACHADINHO D'OESTE - RO,RO,-9.42556248,-61.99959257
MACHADO - MG,MG,-17.10406388,-42.20684977
MACUCO - RJ,RJ,-21.99022951,-42.25707388
MACURURÉ - BA,BA,-9.174705911,-39.05951503
MADRE DE DEUS DE MINAS - MG,MG,-21.47732207,-44.34088591
MAFRA - SC,SC,-26.11522849,-49.80103753
MAGÉ - RJ,RJ,-22.65434876,-43.04024613
MAIQUINIQUE - BA,BA,-15.6197717,-40.26051512
MAIRIPORÃ - SP,SP,-23.32245938,-46.59019587
MAJOR GERCINO - SC,SC,-27.41866041,-48.95335396
MALTA - PB,PB,-6.907185123,-37.51777571
MAMANGUAPE - PB,PB,-6.833715147,-35.1238932
MANACAPURU - AM,AM,-3.298278035,-60.62058945
MANAQUIRI - AM,AM,-3.429079669,-60.45888131
MANAUS - AM,AM,-3.134691491,-60.02333518
MANGUEIRINHA - PR,PR,-25.94298134,-52.17632583
MANHUAÇU - MG,MG,-20.25868008,-42.03384829
MANICORÉ - AM,AM,-5.813205261,-61.29924841
MANOEL RIBAS - PR,PR,-24.52173088,-51.6690786
MANOEL URBANO - AC,AC,-8.836317737,-69.25994458
MANSIDÃO - BA,BA,-10.71582896,-44.03648541
MARABÁ - PA,PA,-5.352605763,-49.14202533
MARACAJU - MS,MS,-21.62361038,-55.15713957
MARACANAÚ - CE,CE,-3.876964451,-38.62441865
MARACAÍ - SP,SP,-22.61041534,-50.66896825
MARAPOAMA - SP,SP,-21.25876193,-49.14000081
MARAU - RS,RS,-28.44845393,-52.19677693
MARAVILHA - SC,SC,-26.76162395,-53.17481882
MARAÃ - AM,AM,-1.866436877,-65.5742837
MARCO - CE,CE,-3.120707025,-40.15164364
MARCOLÂNDIA - PI,PI,-7.443556661,-40.66285429
MARECHAL CÂNDIDO RONDON - PR,PR,-24.5592545,-54.06000782
MARECHAL DEODORO - AL,AL,-9.739155702,-35.8930687
MARECHAL THAUMATURGO - AC,AC,-8.953591123,-72.79026591
MARIA DA FÉ - MG,MG,-22.30721878,-45.37105369
MARIANA - MG,MG,-20.37449323,-43.41614041
MARILÂNDIA DO SUL - PR,PR,-23.74577909,-51.30929053
MARINGÁ - PR,PR,-23.42228,-51.93988187
MARITUBA - PA,PA,-1.346417266,-48.34053588
MARMELEIRO - PR,PR,-26.14869719,-53.02618398
MARTINHO CAMPOS - MG,MG,-19.32974235,-45.2386504
MARTINÓPOLIS - SP,SP,-22.14783248,-51.17076806
MARÍLIA - SP,SP,-22.214933,-49.95164564
MASSARANDUBA - SC,SC,-26.59545801,-48.98874466
MATA DE SÃO JOÃO - BA,BA,-12.52997079,-38.29729932
MATARACA - PB,PB,-6.600518654,-35.04855767
MATEIROS - TO,TO,-10.54442885,-46.41246574
MATELÂNDIA - PR,PR,-25.23792101,-53.97438734
MATIAS BARBOSA - MG,MG,-21.86947927,-43.31916199
MATIAS CARDOSO - MG,MG,-14.85028388,-43.91782644
MATINHOS - PR,PR,-25.8164097,-48.53377119
MATO VERDE - MG,MG,-16.50097959,-44.22760659
MATOS COSTA - SC,SC,-26.47411544,-51.15745144
MATOZINHOS - MG,MG,-19.56191028,-44.08397457
MATRIZ DE CAMARAGIBE - AL,AL,-9.158525825,-35.53355483
MATÃO - SP,SP,-21.60299451,-48.3677477
MAURITI - CE,CE,-7.387398,-38.77279544
MAUÁ - SP,SP,-23.6693345,-46.45826201
MAUÉS - AM,AM,-3.386427926,-57.71503439
MAXIMILIANO DE ALMEIDA - RS,RS,-27.63494065,-51.8017182
MELEIRO - SC,SC,-28.83244582,-49.62984936
MELGAÇO - PA,PA,-1.803446699,-50.7174647
MENDONÇA - SP,SP,-21.18015617,-49.582019
MERIDIANO - SP,SP,-20.3541099,-50.18183184
MIGUEL CALMON - BA,BA,-11.42834421,-40.59606961
MIGUEL PEREIRA - RJ,RJ,-22.45542661,-43.47467612
MILAGRES - CE,CE,-7.310427797,-38.94315677
MIMOSO DE GOIÁS - GO,GO,-15.05929349,-48.16327312
MIMOSO DO SUL - ES,ES,-21.06537351,-41.36442527
MINAS DO LEÃO - RS,RS,-30.12243951,-52.0512802
MINEIROS - GO,GO,-17.56616757,-52.55466719
MINEIROS DO TIETÊ - SP,SP,-22.4116968,-48.45180231
MIRACATU - SP,SP,-24.28392947,-47.457104
MIRACEMA DO TOCANTINS - TO,TO,-9.568346078,-48.38799131
MIRADOURO - MG,MG,-20.89441907,-42.34614986
MIRANDA DO NORTE - MA,MA,-3.562644774,-44.58427569
MIRANDÓPOLIS - SP,SP,-21.13208699,-51.10564039
MIRANDÓPOLIS - SP,SP,-21.13208699,-51.10564039
MIRANTE DO PARANAPANEMA - SP,SP,-22.29055859,-51.90579431
MIRASSOL D'OESTE - MT,MT,-15.67407078,-58.09790357
MIRAÍ - MG,MG,-21.19398174,-42.61603959
MIRIM DOCE - SC,SC,-27.20120508,-50.06856371
MOCOCA - SP,SP,-21.46899051,-47.00717098
MOGI GUAÇU - SP,SP,-22.36572019,-46.94447409
MOGI DAS CRUZES - SP,SP,-23.5227065,-46.19676008
MOJI MIRIM - SP,SP,-22.4326955,-46.95636713
MONTALVÂNIA - MG,MG,-14.42036478,-44.36362058
MONTANHA - ES,ES,-18.12685665,-40.36342088
MONTE ALEGRE DE MINAS - MG,MG,-18.86916672,-48.87711691
MONTE ALEGRE DOS CAMPOS - RS,RS,-28.68507178,-50.78283371
MONTE APRAZÍVEL - SP,SP,-20.77214014,-49.71411616
MONTE AZUL - MG,MG,-15.15533859,-42.87316549
MONTE BELO - MG,MG,-17.51404511,-42.88818193
MONTE CARMELO - MG,MG,-18.72903844,-47.49597243
MONTE DAS GAMELEIRAS - RN,RN,-6.439466017,-35.78660712
MONTE DO CARMO - TO,TO,-10.76354219,-48.11042003
MONTE NEGRO - RO,RO,-10.26309776,-63.29555917
MONTE SANTO DE MINAS - MG,MG,-21.19047484,-46.97711855
MONTE SANTO DO TOCANTINS - TO,TO,-10.00559143,-48.9908906
MONTENEGRO - RS,RS,-29.68811861,-51.46129938
MONTES CLAROS - MG,MG,-16.72270664,-43.86542243
MONTES CLAROS DE GOIÁS - GO,GO,-16.00475991,-51.40049888
MONÇÕES - SP,SP,-20.8503257,-50.09630613
MORADA NOVA - CE,CE,-5.096952,-38.36490735
MOREIRA SALES - PR,PR,-24.04475824,-53.01344657
MORMAÇO - RS,RS,-28.69335122,-52.69282632
MORRETES - PR,PR,-25.47848168,-48.8315392
MORRINHOS - GO,GO,-17.7352711,-49.11017707
MORRO AGUDO - SP,SP,-20.732663,-48.05759383
MORRO DA FUMAÇA - SC,SC,-28.65478784,-49.21325651
MORRO DO CHAPÉU - BA,BA,-11.55012611,-41.15909651
MOSSORÓ - RN,RN,-5.193801235,-37.35687414
MOSTARDAS - RS,RS,-31.10822511,-50.91915885
MUANÁ - PA,PA,-1.530026208,-49.21683244
MUCAJAÍ - RR,RR,2.479772235,-60.91151853
MUCURI - BA,BA,-18.08853974,-39.54754589
MUITOS CAPÕES - RS,RS,-28.3189128,-51.18460234
MULUNGU DO MORRO - BA,BA,-11.96722002,-41.64380001
MUNIZ FREIRE - ES,ES,-20.45654559,-41.41751378
MUQUÉM DE SÃO FRANCISCO - BA,BA,-12.06826126,-43.55185992
MURIAÉ - MG,MG,-21.13204679,-42.3610749
MURIBECA - SE,SE,-10.42742747,-36.95700144
MUZAMBINHO - MG,MG,-21.37301275,-46.52680469
NANUQUE - MG,MG,-17.83899335,-40.35173883
NARANDIBA - SP,SP,-22.4042832,-51.52423985
NATAL - RN,RN,-5.750898538,-35.25225473
NATIVIDADE - TO,TO,-11.70535738,-47.72725753
NAVEGANTES - SC,SC,-26.89743912,-48.6491829
NAVIRAÍ - MS,MS,-23.05999948,-54.19883617
NAZARÉ DA MATA - PE,PE,-7.737688,-35.2213387
NAZÁRIO - GO,GO,-16.58052808,-49.88198823
NEPOMUCENO - MG,MG,-21.23457694,-45.23742912
NERÓPOLIS - GO,GO,-16.40404368,-49.22446253
NEÓPOLIS - SE,SE,-10.31587823,-36.57671818
NHAMUNDÁ - AM,AM,-2.188983767,-56.71676991
NIQUELÂNDIA - GO,GO,-14.46911014,-48.45858515
NITERÓI - RJ,RJ,-22.89645239,-43.07582317
NOBRES - MT,MT,-14.72450027,-56.33408483
NONOAI - RS,RS,-27.35466453,-52.77618857
NORMANDIA - RR,RR,3.882978285,-59.63520628
NORTELÂNDIA - MT,MT,-14.45372456,-56.80206898
NOSSA SENHORA DAS DORES - SE,SE,-10.49205437,-37.19371121
NOSSA SENHORA DO SOCORRO - SE,SE,-10.84875418,-37.12849613
NOVA ALIANÇA - SP,SP,-21.01373472,-49.50713835
NOVA ALVORADA DO SUL - MS,MS,-21.46663425,-54.3828036
NOVA ANDRADINA - MS,MS,-22.24875931,-53.35157381
NOVA BANDEIRANTES - MT,MT,-9.84295282,-57.8184758
NOVA BASSANO - RS,RS,-28.72346864,-51.70323142
NOVA BRASILÂNDIA D'OESTE - RO,RO,-11.72132541,-62.30823016
NOVA CAMPINA - SP,SP,-24.12321042,-48.90573848
NOVA CANAÃ DO NORTE - MT,MT,-10.63110423,-55.71487731
NOVA ERA - MG,MG,-19.76442307,-43.03545685
NOVA EUROPA - SP,SP,-21.77892288,-48.56214043
NOVA FRIBURGO - RJ,RJ,-22.28646146,-42.53277126
NOVA FÁTIMA - PR,PR,-23.43235857,-50.56231422
NOVA GRANADA - SP,SP,-20.533154,-49.32009288
NOVA HARTZ - RS,RS,-29.58574753,-50.90379343
NOVA IGUAÇU - RJ,RJ,-22.75983483,-43.45034533
NOVA INDEPENDÊNCIA - SP,SP,-21.104542,-51.49044653
NOVA LACERDA - MT,MT,-14.46978899,-59.5903305
NOVA LIMA - MG,MG,-19.98389299,-43.84978336
NOVA LONDRINA - PR,PR,-22.7638686,-52.98631263
NOVA MAMORÉ - RO,RO,-10.41177129,-65.32914902
NOVA MARILÂNDIA - MT,MT,-14.36245127,-56.97317679
NOVA MUTUM - MT,MT,-13.83272569,-56.11000525
NOVA ODESSA - SP,SP,-22.78279466,-47.29363461
NOVA OLINDA - TO,TO,-7.633314911,-48.42480679
NOVA OLINDA DO NORTE - AM,AM,-3.887592832,-59.09307403
NOVA OLÍMPIA - MT,MT,-14.77941424,-57.28292396
NOVA PALMA - RS,RS,-29.47302574,-53.47063511
NOVA PALMEIRA - PB,PB,-6.676605843,-36.41871297
NOVA PONTE - MG,MG,-19.16889165,-47.67057075
NOVA PRATA - RS,RS,-28.78394471,-51.60899569
NOVA PÁDUA - RS,RS,-29.03004645,-51.30682464
NOVA RESENDE - MG,MG,-21.12665191,-46.4170291
NOVA ROMA DO SUL - RS,RS,-28.98474891,-51.40515747
NOVA SANTA RITA - PI,PI,-8.074964718,-42.048262
NOVA TRENTO - SC,SC,-27.28777117,-48.92579543
NOVA UBIRATÃ - MT,MT,-13.03382772,-55.27321332
NOVO AIRÃO - AM,AM,-2.623432459,-60.94881071
NOVO ARIPUANÃ - AM,AM,-5.122669314,-60.37704567
NOVO BARREIRO - RS,RS,-27.90678847,-53.11349885
NOVO HAMBURGO - RS,RS,-29.68632603,-51.12860528
NOVO HORIZONTE - BA,BA,-11.87041178,-42.72256735
NOVO HORIZONTE - SP,SP,-21.46847499,-49.22174953
NOVO MUNDO - MT,MT,-9.977109194,-55.17201893
NOVO PROGRESSO - PA,PA,-7.034835913,-55.41987012
NOVO SÃO JOAQUIM - MT,MT,-14.88656526,-53.01611551
NOVO TIRADENTES - RS,RS,-27.56355843,-53.18570259
NUPORANGA - SP,SP,-20.73399973,-47.74910546
NÃO-ME-TOQUE - RS,RS,-28.45990677,-52.81927949
OEIRAS DO PARÁ - PA,PA,-2.004734,-49.85510611
OIAPOQUE - AP,AP,3.851130733,-51.83055256
OLHOS-D'ÁGUA - MG,MG,-17.40189993,-43.57141098
OLIVEIRA - MG,MG,-20.69751578,-44.82641087
OLIVEIRA DOS BREJINHOS - BA,BA,-12.32058895,-42.89701977
OLÍMPIA - SP,SP,-20.73728399,-48.91349173
ONDA VERDE - SP,SP,-20.61272212,-49.29921479
ORINDIÚVA - SP,SP,-20.18019674,-49.35181848
ORIXIMINÁ - PA,PA,-1.7637535,-55.86279952
ORTIGUEIRA - PR,PR,-24.21201067,-50.92692954
OSASCO - SP,SP,-23.533612,-46.78881014
OSVALDO CRUZ - SP,SP,-21.7970835,-50.87313911
OSÓRIO - RS,RS,-29.89269708,-50.26679781
OTACÍLIO COSTA - SC,SC,-27.50384618,-50.11231469
OURICURI - PE,PE,-9.151092549,-37.11478653
OURINHOS - SP,SP,-22.9772675,-49.86857984
OURO BRANCO - MG,MG,-20.52358312,-43.6947708
OURO FINO - MG,MG,-22.28352442,-46.38008083
OURO PRETO - MG,MG,-20.38677637,-43.50644752
OURO VERDE - SC,SC,-26.5332713,-53.69010401
OURO VERDE DO OESTE - PR,PR,-24.77079429,-53.89953808
OUROESTE - SP,SP,-19.99559211,-50.37758465
OUROLÂNDIA - BA,BA,-10.96461765,-41.08181173
PACARAIMA - RR,RR,4.47525934,-61.14730635
PACATUBA - CE,CE,-3.986120022,-38.61829931
PADRE BERNARDO - GO,GO,-15.16435542,-48.28596562
PALESTINA - SP,SP,-20.39058747,-49.4337824
PALMA SOLA - SC,SC,-26.34650813,-53.27997725
PALMARES - PE,PE,-8.6790825,-35.58833599
PALMARES DO SUL - RS,RS,-30.26006665,-50.50605197
PALMAS - PR,PR,-26.48147252,-51.98877389
PALMAS - TO,TO,-10.16325333,-48.35104371
PALMEIRA - PR,PR,-25.4185679,-50.00324682
PALMEIRA DAS MISSÕES - RS,RS,-27.90062088,-53.31495391
PALMEIRAS DE GOIÁS - GO,GO,-16.80698801,-49.92278713
PALMITAL - SP,SP,-22.785592,-50.21879099
PALOTINA - PR,PR,-24.27940949,-53.83877172
PANAMBI - RS,RS,-28.29273054,-53.50026517
PARACAMBI - RJ,RJ,-22.60972716,-43.70938456
PARACATU - MG,MG,-17.21974191,-46.87541889
PARACURU - CE,CE,-3.411635009,-39.02954534
PARAGOMINAS - PA,PA,-2.9941905,-47.35696156
PARAGUAÇU PAULISTA - SP,SP,-22.41771102,-50.57502853
PARAIBUNA - SP,SP,-23.38626157,-45.66286406
PARANACITY - PR,PR,-22.92681005,-52.15598873
PARANAGUÁ - PR,PR,-25.5068415,-48.52473284
PARANATAMA - PE,PE,-8.920145338,-36.65842927
PARANATINGA - MT,MT,-14.42769848,-54.05409199
PARANAÍBA - MS,MS,-19.67737173,-51.18870771
PARANÃ - TO,TO,-12.62048149,-47.88408373
PARAOPEBA - MG,MG,-19.28142895,-44.40311687
PARAPUÃ - SP,SP,-21.77983914,-50.79384384
PARATINGA - BA,BA,-12.69069712,-43.18202508
PARAUAPEBAS - PA,PA,-6.072729888,-49.90078063
PARAZINHO - RN,RN,-5.230780734,-35.84498952
PARAÍBA DO SUL - RJ,RJ,-22.16198154,-43.28954446
PARAÍSO - SC,SC,-26.61526297,-53.67531413
PARAÍSO - SP,SP,-23.08320936,-47.3888845
PARAÍSO DAS ÁGUAS - SP,MS,-20.17980038,-51.01836561
PARAÍSO DO TOCANTINS - TO,TO,-10.17122075,-48.88663008
PARAÚNA - GO,GO,-16.94669701,-50.45764059
PARELHAS - RN,RN,-6.126719028,-35.44199858
PARINTINS - AM,AM,-2.627052586,-56.73629215
PARIPIRANGA - BA,BA,-10.67599231,-37.8704477
PARNAGUÁ - PI,PI,-10.21718097,-44.63431461
PARNAMIRIM - RN,RN,-5.910369758,-35.25920907
PARNAÍBA - PI,PI,-2.903360145,-41.77817059
PARÁ DE MINAS - MG,MG,-19.86473796,-44.60538019
PASSA QUATRO - MG,MG,-22.38979813,-44.96963867
PASSA TEMPO - MG,MG,-20.65238775,-44.4934172
PASSA-VINTE - MG,MG,-22.20897688,-44.23104879
PASSO FUNDO - RS,RS,-28.26176713,-52.40709509
PASSOS - MG,MG,-20.7192119,-46.61141257
PASSOS MAIA - SC,SC,-26.78088915,-52.0617238
PATO BRANCO - PR,PR,-26.22995852,-52.677362
PATOS DE MINAS - MG,MG,-18.59257082,-46.51591568
PATROCÍNIO - MG,MG,-18.94081296,-46.99743824
PATROCÍNIO DO MURIAÉ - MG,MG,-21.15171127,-42.2126533
PATROCÍNIO PAULISTA - SP,SP,-20.6411534,-47.28306009
PATY DO ALFERES - RJ,RJ,-22.42741463,-43.42487092
PAUINI - AM,AM,-7.714043644,-67.00209749
PAULICÉIA - SP,SP,-21.30927556,-51.84713995
PAULINO NEVES - MA,MA,-2.71820599,-42.54542398
PAULISTA - PE,PE,-7.943188,-34.88479162
PAULÍNIA - SP,SP,-22.7599217,-47.1543858
PEABIRU - PR,PR,-23.91412643,-52.34789615
PEDRA - PE,PE,-8.4984765,-36.94279815
PEDRA AZUL - MG,MG,-16.00592279,-41.28175198
PEDRA DO INDAIÁ - MG,MG,-20.2535964,-45.20981009
PEDRA GRANDE - RN,RN,-5.149387433,-35.87599064
PEDRA LAVRADA - PB,PB,-6.757881461,-36.47205036
PEDRA PRETA - MT,MT,-14.38263755,-53.19940019
PEDRA PRETA - RN,RN,-5.581909156,-36.10313582
PEDRANÓPOLIS - SP,SP,-20.24764667,-50.11239028
PEDRAS DE FOGO - PB,PB,-7.4015385,-35.11317798
PEDRAS GRANDES - SC,SC,-28.43721765,-49.18648755
PEDREIRA - SP,SP,-22.743771,-46.89780209
PEDRO AFONSO - TO,TO,-8.964449592,-48.17755611
PEDRO AVELINO - RN,RN,-5.524002182,-36.38522926
PEDRO LEOPOLDO - MG,MG,-19.61839589,-44.04588396
PEIXE - TO,TO,-12.02977383,-48.53781063
PELOTAS - RS,RS,-31.71959788,-52.34432006
PENEDO - AL,AL,-10.2961103,-36.58046021
PENÁPOLIS - SP,SP,-21.41838302,-50.07303628
PERDIZES - MG,MG,-19.33865752,-47.29200845
PEREIRA BARRETO - SP,SP,-20.636669,-51.10666102
PERITIBA - SC,SC,-27.37730928,-51.90981467
PEROBAL - PR,PR,-23.89456175,-53.4115002
PEROLÂNDIA - GO,GO,-17.52645352,-52.06657725
PETROLINA - PE,PE,-9.397375515,-40.49999933
PETROLÂNDIA - PE,PE,-8.977343464,-38.22073355
PETROLÂNDIA - SC,SC,-27.52812683,-49.69486862
PETRÓPOLIS - RJ,RJ,-22.51059861,-43.17733658
PIATÃ - BA,BA,-13.16445687,-41.77062304
PIAU - MG,MG,-21.50461753,-43.32912517
PIEDADE - SP,SP,-23.71420222,-47.41801515
PILAR DE GOIÁS - GO,GO,-14.76609045,-49.57511431
PILAR DO SUL - SP,SP,-23.814612,-47.71550772
PIMENTA BUENO - RO,RO,-11.67753699,-61.18366567
PIMENTEIRAS DO OESTE - RO,RO,-13.476562,-61.044379
PINDAMONHANGABA - SP,SP,-22.92666873,-45.46204885
PINDAÍ - BA,BA,-14.48998754,-42.68703332
PINDORETAMA - CE,CE,-4.027803993,-38.30008798
PINHAL GRANDE - RS,RS,-29.33536013,-53.33863834
PINHALÃO - PR,PR,-23.78735473,-50.06260306
PINHEIRO MACHADO - RS,RS,-31.58059267,-53.38461997
PINHEIRO PRETO - SC,SC,-27.04513462,-51.23053648
PINHÃO - PR,PR,-25.69629501,-51.64827019
PIO IX - PI,PI,-6.832687301,-40.61827279
PIRACANJUBA - GO,GO,-17.30180972,-49.02456035
PIRACICABA - SP,SP,-22.723722,-47.64684624
PIRAJU - SP,SP,-23.1929915,-49.38397449
PIRAJUBA - MG,MG,-19.90850491,-48.69663806
PIRANGI - SP,SP,-21.09963166,-48.66984193
PIRANGUÇU - MG,MG,-22.52649385,-45.4932717
PIRANHAS - AL,AL,-9.806251353,-37.0383716
PIRANHAS - GO,GO,-16.42070644,-51.82180134
PIRAPORA - MG,MG,-17.3495821,-44.95106538
PIRAPORA DO BOM JESUS - SP,SP,-23.39752331,-47.00096757
PIRAPOZINHO - SP,SP,-22.27667549,-51.49958429
PIRASSUNUNGA - SP,SP,-21.9940493,-47.42517288
PIRATINI - RS,RS,-31.44411247,-53.10473445
PIRATUBA - SC,SC,-27.41595355,-51.75864983
PIRAÍ - RJ,RJ,-22.62875691,-43.89935119
PIRAÍ DO SUL - PR,PR,-24.5323575,-49.94133099
PIRENÓPOLIS - GO,GO,-15.8533423,-48.96252719
PIRIPIRI - PI,PI,-9.171821406,-44.40230299
PITANGA - PR,PR,-24.75274775,-51.76315401
PITANGUEIRAS - SP,SP,-21.0109995,-48.22226575
PITANGUI - MG,MG,-19.68059724,-44.89011889
PLANALTINA - GO,GO,-15.45310956,-47.61484677
PLANALTO - SP,SP,-20.95084738,-51.33501914
PLANURA - MG,MG,-20.1386632,-48.69991886
PLATINA - SP,SP,-22.63345726,-50.20893454
POCINHOS - PB,PB,-7.078617269,-36.05644228
POMBAL - PB,PB,-6.769855485,-37.79826727
POMBOS - PE,PE,-8.14435986,-35.39619536
POMERODE - SC,SC,-26.7448264,-49.17419753
POMPÉIA - SP,SP,-22.10614565,-50.17602805
POMPÉU - MG,MG,-19.22095718,-45.00187086
PONTA GROSSA - PR,PR,-25.092547,-50.16144206
PONTA PORÃ - MS,MS,-22.48618708,-55.71085018
PONTAL - SP,SP,-21.042465,-51.76335977
PONTE ALTA DO BOM JESUS - TO,TO,-12.08781291,-46.46958679
PONTE ALTA DO NORTE - SC,SC,-27.16902918,-50.46540427
PONTE NOVA - MG,MG,-17.64194385,-42.67860174
PONTE SERRADA - SC,SC,-26.87491283,-52.01453751
PONTES E LACERDA - MT,MT,-15.22972757,-59.33800184
PONTES GESTAL - SP,SP,-20.18236311,-49.70355236
PONTO CHIQUE - MG,MG,-16.63303974,-45.06313451
PORTEL - PA,PA,-1.936451,-50.82249044
PORTO ALEGRE - RS,RS,-30.03003677,-51.22866046
PORTO ALEGRE DO NORTE - MT,MT,-10.87754848,-51.63087982
PORTO CALVO - AL,AL,-9.052448314,-35.39833446
PORTO DE MOZ - PA,PA,-1.746090089,-52.24247692
PORTO DOS GAÚCHOS - MT,MT,-11.53384003,-57.40835384
PORTO ESPERIDIÃO - MT,MT,-15.85763486,-58.46929874
PORTO FELIZ - SP,SP,-23.21441227,-47.52459657
PORTO FERREIRA - SP,SP,-21.85836251,-47.48140964
PORTO NACIONAL - TO,TO,-10.70856992,-48.41215346
PORTO REAL - RJ,RJ,-22.43294842,-44.29690073
PORTO UNIÃO - SC,SC,-26.2300049,-51.08160463
PORTO VELHO - RO,RO,-8.76889179,-63.83144565
PORTO VERA CRUZ - RS,RS,-27.73437392,-54.89903182
PORTO VITÓRIA - PR,PR,-26.1634752,-51.23669474
PORTO WALTER - AC,AC,-8.266666363,-72.74233396
POTIRAGUÁ - BA,BA,-15.59245631,-39.87566007
POTIRENDABA - SP,SP,-21.04509472,-49.3781832
POUSO ALEGRE - MG,MG,-22.230303,-45.93714428
POUSO REDONDO - SC,SC,-27.25108628,-49.95565214
POXORÉO - MT,MT,-15.81813556,-54.40073266
POÇO FUNDO - MG,MG,-21.78469255,-45.96496956
POÇOS DE CALDAS - MG,MG,-21.78736358,-46.56641004
POÇÃO - PE,PE,-8.186227009,-36.7058799
PRADÓPOLIS - SP,SP,-21.35804901,-48.06558302
PRAIA GRANDE - SP,SP,-24.0030215,-46.41204958
PRAINHA - PA,PA,-1.8056945,-53.48181394
PRATA - MG,MG,-19.30821121,-48.92384607
PRATINHA - MG,MG,-19.75694525,-46.37844864
PRESIDENTE ALVES - SP,SP,-22.10367432,-49.43914929
PRESIDENTE FIGUEIREDO - AM,AM,-2.058429085,-60.02564683
PRESIDENTE JUSCELINO - MG,MG,-18.64078174,-44.05418228
PRESIDENTE NEREU - SC,SC,-27.28732921,-49.40329277
PRESIDENTE PRUDENTE - SP,SP,-22.1227435,-51.38676558
PRIMAVERA - PE,PE,-8.331376086,-35.35394339
PRIMAVERA DO LESTE - MT,MT,-15.55229359,-54.30005326
PRINCESA - SC,SC,-26.44433521,-53.59810588
PROMISSÃO - SP,SP,-21.5388675,-49.85773523
PRUDENTE DE MORAIS - MG,MG,-19.48356038,-44.15839067
PRUDENTÓPOLIS - PR,PR,-25.2160205,-50.98357509
PUREZA - RN,RN,-5.465918586,-35.56226823
PUTINGA - RS,RS,-28.99875565,-52.15991069
QUADRA - SP,SP,-23.301575,-48.05268534
QUATÁ - SP,SP,-22.2494048,-50.69794739
QUEDAS DO IGUAÇU - PR,PR,-25.45678085,-52.9098324
QUEIMADA NOVA - PI,PI,-8.585425347,-41.41702492
QUEIMADOS - RJ,RJ,-22.71743049,-43.55566955
QUEIROZ - SP,SP,-21.79909443,-50.24092846
QUEVEDOS - RS,RS,-29.35192135,-54.07125472
QUILOMBO - SC,SC,-26.74005555,-52.72760957
QUIRINÓPOLIS - GO,GO,-18.45150736,-50.45226252
QUIXADÁ - CE,CE,-4.9637,-39.01174468
QUIXERÉ - CE,CE,-5.068728954,-37.99052223
RAFARD - SP,SP,-23.01155635,-47.53116068
RANCHARIA - SP,SP,-22.22845101,-50.89021169
RAUL SOARES - MG,MG,-20.10195885,-42.45416754
RECIFE - PE,PE,-8.062762483,-34.88894194
RECREIO - MG,MG,-21.53378462,-42.47139457
REDUTO - MG,MG,-20.2426797,-41.98519886
REGENTE FEIJÓ - SP,SP,-22.22023409,-51.30314898
REGISTRO - SP,SP,-24.49425143,-47.84105475
RESERVA DO CABAÇAL - MT,MT,-15.12240953,-58.38536453
RESERVA DO IGUAÇU - PR,PR,-25.83095804,-52.02876246
RIACHO DAS ALMAS - PE,PE,-8.127032781,-35.86087495
RIACHO DE SANTANA - BA,BA,-13.60658814,-42.93834712
RIACHUELO - RN,RN,-5.813946965,-35.82627476
RIANÁPOLIS - GO,GO,-15.44246667,-49.51011699
RIBAS DO RIO PARDO - MS,MS,-20.44367553,-53.76167762
RIBEIRA - SP,SP,-24.6574895,-49.00830199
RIBEIRA DO PIAUÍ - PI,PI,-7.690575501,-42.71404349
RIBEIRO GONÇALVES - PI,PI,-7.558034245,-45.24563868
RIBEIRÃO - PE,PE,-8.51111604,-35.37613082
RIBEIRÃO BRANCO - SP,SP,-24.22026846,-48.76547748
RIBEIRÃO DAS NEVES - MG,MG,-19.76602202,-44.08582365
RIBEIRÃO PRETO - SP,SP,-21.1848345,-47.80547592
RIO BRANCO - AC,AC,-9.978298753,-67.8105287
RIO BRANCO DO IVAÍ - PR,PR,-24.3202776,-51.31206559
RIO BRANCO DO SUL - PR,PR,-25.19016535,-49.31671388
RIO BRILHANTE - MS,MS,-21.80119526,-54.54224222
RIO CASCA - MG,MG,-20.22651287,-42.6522302
RIO CLARO - RJ,RJ,-22.73172683,-44.13940564
RIO CLARO - SP,SP,-22.4125115,-47.56353324
RIO DA CONCEIÇÃO - TO,TO,-11.40494002,-46.8803997
RIO DAS ANTAS - SC,SC,-26.89706744,-51.07601994
RIO DAS OSTRAS - RJ,RJ,-22.52394119,-41.93696713
RIO DAS PEDRAS - SP,SP,-22.84286072,-47.60448489
RIO DE JANEIRO - RJ,RJ,-22.87665212,-43.22787512
RIO DO CAMPO - SC,SC,-26.94230843,-50.13958891
RIO DO FOGO - RN,RN,-5.27155866,-35.38487204
RIO DO SUL - SC,SC,-27.21790323,-49.64323753
RIO DOCE - MG,MG,-20.2446457,-42.89568131
RIO DOS CEDROS - SC,SC,-26.74912982,-49.27237944
RIO FORMOSO - PE,PE,-8.662171085,-35.15543282
RIO FORTUNA - SC,SC,-28.13259139,-49.1050938
RIO GRANDE - RS,RS,-32.05044579,-52.0867697
RIO LARGO - AL,AL,-9.486157608,-35.85242231
RIO NEGRINHO - SC,SC,-26.25532503,-49.51729508
RIO NEGRO - PR,PR,-26.10040797,-49.79768538
RIO NOVO DO SUL - ES,ES,-20.86458615,-40.93622836
RIO POMBA - MG,MG,-21.27219061,-43.17780565
RIO PRETO - MG,MG,-22.08692225,-43.82946567
RIO PRETO DA EVA - AM,AM,-2.693301542,-59.70473809
RIO VERDE - GO,GO,-17.7945434,-50.92968093
RODEIO - SC,SC,-26.94350167,-49.30470723
RODEIO BONITO - RS,RS,-27.47040344,-53.1685306
RODELAS - BA,BA,-8.844996534,-38.772309
ROLIM DE MOURA - RO,RO,-11.72225891,-61.78578094
ROLÂNDIA - PR,PR,-23.31359249,-51.36278036
ROMELÂNDIA - SC,SC,-26.67946356,-53.3201584
RONDON - PR,PR,-23.41265998,-52.76249231
RONDONÓPOLIS - MT,MT,-16.47016287,-54.63358704
ROQUE GONZALES - RS,RS,-28.13536699,-55.02918612
RORAINÓPOLIS - RR,RR,0.937195394,-60.42506049
ROSEIRA - SP,SP,-22.89681855,-45.30937779
ROSÁRIO DA LIMEIRA - MG,MG,-20.9812982,-42.50605997
ROSÁRIO OESTE - MT,MT,-14.82642757,-56.42829321
RUBIATABA - GO,GO,-15.16431275,-49.8034097
RUSSAS - CE,CE,-4.939737815,-37.9754313
RUY BARBOSA - RN,RN,-5.879428941,-35.93548416
SABARÁ - MG,MG,-19.89249451,-43.82555709
SACRAMENTO - MG,MG,-19.59155569,-44.97987411
SALESÓPOLIS - SP,SP,-23.53179299,-45.84717693
SALETE - SC,SC,-26.97524433,-50.00173073
SALINÓPOLIS - PA,PA,-0.623638,-47.35312026
SALOÁ - PE,PE,-8.975995481,-36.69272917
SALTO - SP,SP,-23.55049829,-48.51613468
SALTO DA DIVISA - MG,MG,-15.9975707,-39.95075602
SALTO DO JACUÍ - RS,RS,-29.08868125,-53.21330965
SALVADOR - BA,BA,-13.01477191,-38.48806148
SALVADOR DAS MISSÕES - RS,RS,-28.12169745,-54.83774202
SANDOVALINA - SP,SP,-22.45854174,-51.75995174
SANTA ALBERTINA - SP,SP,-20.03070262,-50.73056437
SANTA BÁRBARA DO MONTE VERDE - MG,MG,-21.95726702,-43.70177417
SANTA BÁRBARA D'OESTE - SP,SP,-22.7553935,-47.41395477
SANTA CECÍLIA - SC,SC,-26.95690074,-50.42290162
SANTA CRUZ - RN,RN,-6.230075623,-36.02051657
SANTA CRUZ DAS PALMEIRAS - SP,SP,-21.827568,-47.24941442
SANTA CRUZ DO ARARI - PA,PA,-0.659974126,-49.17161557
SANTA CRUZ DO CAPIBARIBE - PE,PE,-7.9551895,-36.20395002
SANTA CRUZ DO RIO PARDO - SP,SP,-22.9057225,-49.62460887
SANTA CRUZ DO SUL - RS,RS,-29.71976843,-52.42992859
SANTA FÉ DO SUL - SP,SP,-20.21169317,-50.92677742
SANTA GERTRUDES - SP,SP,-22.45532696,-47.53070872
SANTA HELENA DE GOIÁS - GO,GO,-17.81235514,-50.59844326
SANTA ISABEL DO RIO NEGRO - AM,AM,-0.416694832,-65.02002264
SANTA JULIANA - MG,MG,-19.31129893,-47.52714433
SANTA LEOPOLDINA - ES,ES,-20.09889069,-40.53320961
SANTA LUZIA - MG,MG,-17.79795262,-42.41619005
SANTA LUZIA - PB,PB,-7.136480858,-35.0967575
SANTA MARIA - RN,RN,-5.646276729,-35.29852131
SANTA MARIA - RS,RS,-29.6855818,-53.80867539
SANTA MARIA DE ITABIRA - MG,MG,-19.45901077,-43.11014984
SANTA MARIA DE JETIBÁ - ES,ES,-20.02881406,-40.7416178
SANTA MARIA DO HERVAL - RS,RS,-29.50351554,-50.98725541
SANTA MARIA MADALENA - RJ,RJ,-21.96609447,-42.01444499
SANTA RITA - PB,PB,-6.487600883,-38.49005341
SANTA RITA DE CÁSSIA - BA,BA,-11.00804507,-44.51904972
SANTA RITA DE JACUTINGA - MG,MG,-22.14846112,-44.10044185
SANTA RITA DO PARDO - MS,MS,-21.30537694,-52.82807143
SANTA RITA DO PASSA QUATRO - SP,SP,-21.70714401,-47.47898085
SANTA RITA DO SAPUCAÍ - MG,MG,-22.25332983,-45.70398819
SANTA ROSA - RS,RS,-27.67982084,-53.30946771
SANTA ROSA DE LIMA - SC,SC,-28.03560557,-49.1250913
SANTA ROSA DE VITERBO - SP,SP,-21.4852725,-47.36726893
SANTA ROSA DO PURUS - AC,AC,-9.443406537,-70.48649689
SANTA TERESA - ES,ES,-19.93771432,-40.59899772
SANTA TEREZINHA - SC,SC,-26.78098235,-50.00552919
SANTA VITÓRIA - MG,MG,-18.84394798,-50.12346511
SANTA VITÓRIA DO PALMAR - RS,RS,-33.51986003,-53.36700638
SANTANA - BA,BA,-13.60709955,-42.87771373
SANTANA DE PARNAÍBA - SP,SP,-23.449453,-46.92209251
SANTANA DO ARAGUAIA - PA,PA,-9.329424525,-50.34480432
SANTANA DO DESERTO - MG,MG,-20.19740459,-42.83447223
SANTANA DO JACARÉ - MG,MG,-20.90167749,-45.12804857
SANT'ANA DO LIVRAMENTO - RS,RS,-30.88938401,-55.53481427
SANTANA DO MATOS - RN,RN,-5.957727155,-36.65410497
SANTANA DO RIACHO - MG,MG,-19.17009187,-43.7114593
SANTARÉM - PA,PA,-2.43621333,-54.71857017
SANTIAGO - RS,RS,-29.19146017,-54.86907585
SANTO ANDRÉ - SP,SP,-23.65751,-46.53087426
SANTO ANTÔNIO DA BARRA - GO,GO,-17.5561083,-50.63405358
SANTO ANTÔNIO DA PATRULHA - RS,RS,-29.83203402,-50.52098594
SANTO ANTÔNIO DE POSSE - SP,SP,-22.60479685,-46.9159099
SANTO ANTÔNIO DO ARACANGUÁ - SP,SP,-20.93249684,-50.49673505
SANTO ANTÔNIO DO IÇÁ - AM,AM,-3.107486309,-67.94648514
SANTO ANTÔNIO DO LESTE - MT,MT,-14.8008134,-53.61172385
SANTO ANTÔNIO DO LEVERGER - MT,MT,-15.86917904,-56.0941622
SANTO ANTÔNIO DO MONTE - MG,MG,-20.08721925,-45.29393592
SANTO ANTÔNIO DO PALMA - RS,RS,-28.4974451,-52.02463306
SANTO ANTÔNIO DO PLANALTO - RS,RS,-28.39592891,-52.68372584
SANTO ANTÔNIO DOS LOPES - MA,MA,-4.873819576,-44.36144743
SANTO INÁCIO - PR,PR,-22.70006858,-51.7952999
SANTO ÂNGELO - RS,RS,-28.30193787,-54.2641428
SANTOS - SP,SP,-23.9337375,-46.33137085
SANTOS DUMONT - MG,MG,-21.45753199,-43.55375217
SAPEZAL - MT,MT,-13.53819535,-58.81213801
SAPIRANGA - RS,RS,-29.63855412,-51.00362299
SAPUCAIA DO SUL - RS,RS,-29.82486803,-51.15187472
SAPUCAÍ-MIRIM - MG,MG,-22.75159638,-45.74092574
SARANDI - RS,RS,-28.416327,-55.83332392
SARAPUÍ - SP,SP,-23.64150657,-47.82719599
SARUTAIÁ - SP,SP,-23.27449593,-49.48312863
SARZEDO - MG,MG,-20.03453492,-44.14586736
SAUDADE DO IGUAÇU - PR,PR,-25.69366116,-52.61433937
SAUDADES - SC,SC,-26.91975695,-52.99556973
SCHROEDER - SC,SC,-26.42097591,-49.07325969
SEBASTIANÓPOLIS DO SUL - SP,SP,-20.6568805,-49.9209225
SEBERI - RS,RS,-27.48041382,-53.4054673
SELVÍRIA - MS,MS,-20.36674259,-51.41893691
SENGÉS - PR,PR,-24.11681022,-49.47301929
SENTO SÉ - BA,BA,-9.740379805,-41.89099692
SEROPÉDICA - RJ,RJ,-22.74301107,-43.70192522
SERRA - ES,ES,-20.15676984,-40.27521704
SERRA ALTA - SC,SC,-26.72477337,-53.04627634
SERRA DO MEL - RN,RN,-5.165241348,-37.04130135
SERRA DO SALITRE - MG,MG,-19.11179576,-46.69210873
SERRA DOS AIMORÉS - MG,MG,-17.78574702,-40.24316857
SERRA TALHADA - PE,PE,-7.98799752,-38.29631495
SERRANA - SP,SP,-21.20947799,-47.5977621
SERRANIA - MG,MG,-21.54668065,-46.04314494
SERRANÓPOLIS - GO,GO,-18.3077244,-51.95777794
SERRINHA - BA,BA,-11.65953172,-39.00813263
SERRITA - PE,PE,-7.954340398,-39.29262317
SERTANÓPOLIS - PR,PR,-23.05848198,-51.04224353
SERTÃOZINHO - SP,SP,-21.13702151,-47.99114843
SETE LAGOAS - MG,MG,-19.45828742,-44.23959462
SEVERÍNIA - SP,SP,-20.80938579,-48.80153398
SIDERÓPOLIS - SC,SC,-28.59510242,-49.42054093
SILVES - AM,AM,-2.83642743,-58.21480086
SIMONÉSIA - MG,MG,-20.1220296,-42.00385675
SIMÃO DIAS - SE,SE,-10.7380618,-37.80943058
SIMÕES - PI,PI,-7.599137166,-40.81750907
SIMÕES FILHO - BA,BA,-12.78394148,-38.41151919
SINOP - MT,MT,-11.85800531,-55.500922
SIRINHAÉM - PE,PE,-8.5933695,-35.11640535
SOBRADINHO - BA,BA,-9.470806638,-40.79159485
SOBRAL - CE,CE,-3.688037684,-40.34866803
SOCORRO - SP,SP,-22.59202995,-46.52921159
SOLEDADE - RS,RS,-28.82773795,-52.50986617
SONORA - MS,MS,-17.58135523,-54.75490622
SOROCABA - SP,SP,-23.499323,-47.45785325
SORRISO - MT,MT,-12.55177671,-55.72591368
SOUTO SOARES - BA,BA,-12.092596,-41.64424839
SUD MENNUCCI - SP,SP,-20.6929435,-50.92052656
SUL BRASIL - SC,SC,-26.73693621,-52.9642048
SUMARÉ - SP,SP,-22.822145,-47.26580273
SUMIDOURO - RJ,RJ,-22.05066941,-42.67862558
SUZANO - SP,SP,-23.5368275,-46.30781047
SUZANÁPOLIS - SP,SP,-20.50334427,-51.02822259
SÃO BENTO DO NORTE - RN,RN,-5.05950106,-36.03543135
SÃO BENTO DO SUL - SC,SC,-26.24948542,-49.3869789
SÃO BERNARDO DO CAMPO - SP,SP,-23.7103045,-46.55025725
SÃO BONIFÁCIO - SC,SC,-28.71020985,-49.56040748
SÃO BORJA - RS,RS,-28.66283753,-56.00102915
SÃO CAETANO DO SUL - SP,SP,-23.614705,-46.57151461
SÃO CAITANO - PE,PE,-8.3273605,-36.1373598
SÃO CARLOS - SP,SP,-20.75631332,-49.1410566
SÃO CARLOS DO IVAÍ - PR,PR,-23.30884745,-52.47711459
SÃO CRISTOVÃO DO SUL - SC,SC,-27.28294667,-50.43462893
SÃO DESIDÉRIO - BA,BA,-12.36089549,-44.97409624
SÃO DOMINGOS - GO,GO,-13.40201326,-46.31510524
SÃO DOMINGOS - SC,SC,-26.55783037,-52.53722747
SÃO FRANCISCO DE ITABAPOANA - RJ,RJ,-21.48013813,-41.11771973
SÃO FRANCISCO DE PAULA - RS,RS,-29.44409807,-50.58210811
SÃO FRANCISCO DO CONDE - BA,BA,-12.6299828,-38.67579805
SÃO FRANCISCO DO GLÓRIA - MG,MG,-20.79230142,-42.26822053
SÃO FRANCISCO DO GUAPORÉ - RO,RO,-12.06379841,-63.57086471
SÃO FÉLIX DO ARAGUAIA - MT,MT,-11.61608233,-50.66198637
SÃO FÉLIX DO XINGU - PA,PA,-6.642483278,-51.99378252
SÃO GABRIEL - BA,BA,-11.22670733,-41.8742692
SÃO GABRIEL - RS,RS,-30.33676005,-54.32047786
SÃO GABRIEL DA CACHOEIRA - AM,AM,-0.136462788,-67.0836429
SÃO GABRIEL DA PALHA - ES,ES,-19.02196475,-40.52959951
SÃO GABRIEL DO OESTE - MS,MS,-19.39552137,-54.56456909
SÃO GONÇALO - RJ,RJ,-22.82954731,-43.03233506
SÃO GONÇALO DO ABAETÉ - MG,MG,-18.34111293,-45.83424615
SÃO GONÇALO DO AMARANTE - CE,CE,-3.6056325,-38.97207587
SÃO GONÇALO DO GURGUÉIA - PI,PI,-10.02994011,-45.30140551
SÃO GONÇALO DO RIO ABAIXO - MG,MG,-19.8318007,-43.34804002
SÃO GONÇALO DOS CAMPOS - BA,BA,-12.4303098,-38.94977243
SÃO GOTARDO - MG,MG,-19.31270019,-46.05314404
SÃO JOAQUIM - SC,SC,-28.2947125,-49.93674176
SÃO JOAQUIM DA BARRA - SP,SP,-20.58316556,-47.86326807
SÃO JOSÉ - SC,SC,-27.59031208,-48.61602272
SÃO JOSÉ DA LAGOA TAPADA - PB,PB,-6.944231489,-38.15777019
SÃO JOSÉ DA LAJE - AL,AL,-9.011065882,-36.05738773
SÃO JOSÉ DA LAPA - MG,MG,-19.69862682,-43.9599563
SÃO JOSÉ DE MIPIBU - RN,RN,-6.070465712,-35.24027465
SÃO JOSÉ DE RIBAMAR - MA,MA,-2.55585852,-44.05754812
SÃO JOSÉ DO BELMONTE - PE,PE,-7.861740055,-38.75945378
SÃO JOSÉ DO CAMPESTRE - RN,RN,-6.315563981,-35.71211503
SÃO JOSÉ DO CEDRO - SC,SC,-26.4560603,-53.50012411
SÃO JOSÉ DO EGITO - PE,PE,-7.474025183,-37.27507219
SÃO JOSÉ DO HORTÊNCIO - RS,RS,-29.54004861,-51.24959756
SÃO JOSÉ DO INHACORÁ - RS,RS,-27.72258457,-54.1335502
SÃO JOSÉ DO PEIXE - PI,PI,-7.493008781,-42.57017942
SÃO JOSÉ DO PIAUÍ - PI,PI,-6.870626245,-41.47940723
SÃO JOSÉ DO RIO CLARO - MT,MT,-13.45206834,-56.72158376
SÃO JOSÉ DO RIO PARDO - SP,SP,-21.5961025,-46.88826589
SÃO JOSÉ DO RIO PRETO - SP,SP,-20.8126365,-49.38134769
SÃO JOSÉ DO SABUGI - PB,PB,-6.775531407,-36.79749322
SÃO JOSÉ DO VALE DO RIO PRETO - RJ,RJ,-22.14973951,-42.9233683
SÃO JOSÉ DOS AUSENTES - RS,RS,-28.74990643,-50.06361294
SÃO JOSÉ DOS CAMPOS - SP,SP,-23.1840615,-45.8841754
SÃO JOSÉ DOS PINHAIS - PR,PR,-25.537702,-49.20008247
SÃO JOÃO - PR,PR,-23.83765975,-53.80343529
SÃO JOÃO BATISTA - SC,SC,-27.29588056,-48.85700428
SÃO JOÃO BATISTA DO GLÓRIA - MG,MG,-20.63903685,-46.50346147
SÃO JOÃO DA BALIZA - RR,RR,0.947157427,-59.90604435
SÃO JOÃO DA BARRA - RJ,RJ,-21.64045775,-41.05034815
SÃO JOÃO DA BOA VISTA - SP,SP,-21.972011,-46.79635078
SÃO JOÃO DE MERITI - RJ,RJ,-22.80233081,-43.3718846
SÃO JOÃO DEL REI - MG,MG,-21.13550897,-44.26097273
SÃO JOÃO DO IVAÍ - PR,PR,-23.99308948,-51.82027921
SÃO JOÃO DO PARAÍSO - MG,MG,-15.3184381,-42.01142244
SÃO JOÃO DO PIAUÍ - PI,PI,-8.348849688,-42.25643753
SÃO JOÃO DO RIO DO PEIXE - PB,PB,-6.734430828,-38.44545357
SÃO JOÃO DO TIGRE - PB,PB,-8.081042889,-36.84574332
SÃO LEOPOLDO - RS,RS,-29.76586654,-51.14623456
SÃO LOURENÇO DO OESTE - SC,SC,-26.35519016,-52.85133367
SÃO LUDGERO - SC,SC,-28.32689553,-49.17568432
SÃO LUIZ GONZAGA - RS,RS,-28.40664695,-54.95965955
SÃO LUÍS - MA,MA,-2.531885985,-44.29791856
SÃO LUÍS DO QUITUNDE - AL,AL,-9.314117369,-35.56549084
SÃO MAMEDE - PB,PB,-6.930228371,-37.09485739
SÃO MANUEL - SP,SP,-22.73645999,-48.56876328
SÃO MATEUS DO SUL - PR,PR,-25.86959951,-50.39062425
SÃO MIGUEL ARCANJO - SP,SP,-23.87949,-47.99558915
SÃO MIGUEL DO GOSTOSO - RN,RN,-5.122857116,-35.64128351
SÃO MIGUEL DOS CAMPOS - AL,AL,-9.779934576,-36.09426427
SÃO PAULO - SP,SP,-23.5673865,-46.57038318
SÃO PAULO DE OLIVENÇA - AM,AM,-3.466509623,-68.94485349
SÃO PEDRO DA ALDEIA - RJ,RJ,-22.83720319,-42.10352867
SÃO PEDRO DE ALCÂNTARA - SC,SC,-27.56717009,-48.78766959
SÃO PEDRO DO IVAÍ - PR,PR,-23.86781344,-51.85696276
SÃO PEDRO DO PIAUÍ - PI,PI,-5.913951647,-42.72366017
SÃO PEDRO DO TURVO - SP,SP,-22.75125643,-49.74147616
SÃO ROQUE - SP,SP,-23.530359,-47.13542301
SÃO SEBASTIÃO DA BOA VISTA - PA,PA,-1.7188505,-49.53231217
SÃO SEBASTIÃO DO PARAÍSO - MG,MG,-20.91806545,-46.98647183
SÃO SEBASTIÃO DO UATUMÃ - AM,AM,-2.57015258,-57.87034636
SÃO SEPÉ - RS,RS,-30.16741139,-53.56964413
SÃO SIMÃO - GO,GO,-18.9897386,-50.54969976
SÃO TOMÉ - PR,PR,-23.53551136,-52.59248367
SÃO TOMÉ - RN,RN,-5.973022347,-36.07366315
SÃO VICENTE - SP,SP,-22.01293996,-49.08954998
SÍTIO D'ABADIA - GO,GO,-14.80399392,-46.25248984
TABAPORÃ - MT,MT,-11.30750796,-56.8248338
TABATINGA - AM,AM,-4.231883676,-69.94624438
TABOCAS DO BREJO VELHO - BA,BA,-12.70730092,-44.01118907
TABOÃO DA SERRA - SP,SP,-23.6233285,-46.78578003
TABULEIRO DO NORTE - CE,CE,-5.24380387,-38.12973713
TACAIMBÓ - PE,PE,-8.315610725,-36.2904043
TACARATU - PE,PE,-9.105699644,-38.15346116
TACIBA - SP,SP,-22.38826626,-51.28477342
TAGUATINGA - TO,TO,-12.39614174,-46.4387317
TAILÂNDIA - PA,PA,-2.9370795,-48.95128163
TAIÓ - SC,SC,-27.1179373,-50.00509646
TAMANDARÉ - PE,PE,-8.704689279,-35.09064655
TAMARANA - PR,PR,-23.71517719,-51.0985602
TAMBOARA - PR,PR,-23.20182065,-52.50062929
TANABI - SP,SP,-20.62511214,-49.6488202
TANGARÁ - SC,SC,-27.1010111,-51.24591438
TANGARÁ DA SERRA - MT,MT,-14.62378475,-57.49129915
TANGUÁ - RJ,RJ,-22.73393743,-42.72117195
TANQUE NOVO - BA,BA,-11.06557658,-42.05619857
TAPAUÁ - AM,AM,-5.624223518,-63.18709487
TAPEJARA - PR,PR,-23.73247919,-52.86411318
TAPERA - RS,RS,-28.62495019,-52.87146717
TAPIRA - MG,MG,-19.92557922,-46.82191536
TAPIRATIBA - SP,SP,-21.4718854,-46.74551521
TAPIRAÍ - SP,SP,-23.97314827,-47.50528824
TAPURAH - MT,MT,-12.73206863,-56.5194859
TAQUARAÇU DE MINAS - MG,MG,-19.67384805,-43.68714279
TAQUARIVAÍ - SP,SP,-23.91925715,-48.69732864
TARAUACÁ - AC,AC,-8.155668592,-70.75550106
TARUMÃ - SP,SP,-22.74477119,-50.57656514
TATUÍ - SP,SP,-23.3485765,-47.84946403
TAUBATÉ - SP,SP,-23.0265555,-45.5566087
TAUÁ - CE,CE,-6.00299894,-40.29262466
TEFÉ - AM,AM,-3.348372494,-64.70841966
TEIXEIRA DE FREITAS - BA,BA,-17.53774988,-39.74451769
TELÊMACO BORBA - PR,PR,-24.32868597,-50.62312272
TENENTE LAURENTINO CRUZ - RN,RN,-6.147230159,-36.72066014
TEODORO SAMPAIO - SP,SP,-22.531007,-52.17119482
TEOTÔNIO VILELA - AL,AL,-9.907497883,-36.35556314
TERESINA - PI,PI,-5.086341952,-42.80527046
TERESÓPOLIS - RJ,RJ,-22.40900495,-42.96295671
TERRA NOVA - BA,BA,-12.4030919,-38.62310186
TERRA NOVA - PE,PE,-8.230357979,-39.37442184
TERRA RICA - PR,PR,-22.72436497,-52.62467057
TERRA ROXA - SP,SP,-20.78784166,-48.34153614
TERRA SANTA - PA,PA,-2.108114474,-56.49090477
TESOURO - MT,MT,-16.0752374,-53.55584396
TEÓFILO OTONI - MG,MG,-17.86253981,-41.50963517
TIANGUÁ - CE,CE,-3.722674,-40.99170562
TIBAGI - PR,PR,-24.51328807,-50.41147012
TIETÊ - SP,SP,-23.09788949,-47.71147253
TIJUCAS - SC,SC,-27.23945361,-48.63207056
TIMBAÚBA - PE,PE,-7.511745674,-35.31877212
TIMÓTEO - MG,MG,-19.58405036,-42.64394231
TIROS - MG,MG,-19.00391738,-45.9635511
TOCANTINÓPOLIS - TO,TO,-6.325634376,-47.42741293
TOLEDO - PR,PR,-24.732077,-53.74141149
TOMBOS - MG,MG,-20.90258923,-42.01468162
TONANTINS - AM,AM,-2.86109125,-67.77648228
TORIXORÉU - MT,MT,-16.19752636,-52.55883864
TORRINHA - SP,SP,-22.42749361,-48.17215759
TOUROS - RN,RN,-5.202606801,-35.45529317
TRAIRI - CE,CE,-3.264420169,-39.27223187
TRAJANO DE MORAES - RJ,RJ,-22.0613797,-42.05481525
TRAMANDAÍ - RS,RS,-29.98730195,-50.1303765
TREMEMBÉ - SP,SP,-22.96041521,-45.55074688
TREZE DE MAIO - SC,SC,-28.55814004,-49.14481531
TRIUNFO - RS,RS,-29.94520427,-51.71531284
TROMBUDO CENTRAL - SC,SC,-27.30301953,-49.79247823
TRÊS BARRAS - SC,SC,-26.11409634,-50.30541937
TRÊS DE MAIO - RS,RS,-27.77966022,-54.23530221
TRÊS LAGOAS - MS,MS,-20.78867916,-51.71000063
TRÊS MARIAS - MG,MG,-18.20592122,-45.22573525
TRÊS PASSOS - RS,RS,-29.3105932,-49.95992753
TRÊS PONTAS - MG,MG,-21.36876992,-45.5154748
TUBARÃO - SC,SC,-28.48003395,-49.00526808
TUCANO - BA,BA,-10.96430017,-38.785948
TUCUMÃ - PA,PA,-6.749972007,-51.13953925
TUCURUÍ - PA,PA,-3.766889084,-49.66718437
TUPACIGUARA - MG,MG,-18.59935256,-48.69373588
TUPANDI - RS,RS,-29.48791281,-51.41982543
TUPÃ - SP,SP,-21.93482151,-50.51400642
TURVELÂNDIA - GO,GO,-17.85095234,-50.30747934
TURVO - PR,PR,-25.0401268,-51.53276433
TURVO - SC,SC,-28.92474922,-49.68086575
TURVOLÂNDIA - MG,MG,-21.87938901,-45.79673579
TURVÂNIA - GO,GO,-16.60980378,-50.13195305
UARINI - AM,AM,-2.983609243,-65.15534564
UBAITABA - BA,BA,-14.31043637,-39.32254741
UBAJARA - CE,CE,-3.848491435,-40.90714393
UBARANA - SP,SP,-21.162471,-49.71967239
UBERABA - MG,MG,-19.71353461,-47.9836249
UBERLÂNDIA - MG,MG,-18.91899861,-48.27795018
UBÁ - MG,MG,-21.11859695,-42.93678646
UIBAÍ - BA,BA,-11.33811456,-42.13379555
UIRAMUTÃ - RR,RR,4.585440388,-60.19571615
ULIANÓPOLIS - PA,PA,-3.75719301,-47.50314475
UMARI - CE,CE,-6.647244375,-38.70132572
UMBURANAS - BA,BA,-14.12459906,-41.48405257
UMUARAMA - PR,PR,-23.76395,-53.3084598
UNAÍ - MG,MG,-16.35900849,-46.8999566
UNIÃO - PI,PI,-4.586018159,-42.86292972
UNIÃO DA VITÓRIA - PR,PR,-26.2284345,-51.09060952
UNIÃO DOS PALMARES - AL,AL,-9.159524117,-36.03314284
URANDI - BA,BA,-14.76324218,-42.65899881
URUAÇU - GO,GO,-14.52021976,-49.14748562
URUBICI - SC,SC,-28.00455491,-49.58820561
URUBURETAMA - CE,CE,-3.623016834,-39.50817807
URUCARÁ - AM,AM,-2.536611672,-57.75982817
URUCUIA - MG,MG,-19.64302117,-44.35784798
URUCURITUBA - AM,AM,-3.546907235,-58.93312862
URUCÂNIA - MG,MG,-20.35087042,-42.74122845
URUGUAIANA - RS,RS,-29.75982317,-57.08182491
URUSSANGA - SC,SC,-28.5199662,-49.31910792
VACARIA - RS,RS,-28.5023544,-50.93659916
VALE DE SÃO DOMINGOS - MT,MT,-15.29589784,-59.06457116
VALE DO ANARI - RO,RO,-9.851392708,-62.17682344
VALENÇA - BA,BA,-13.37034151,-39.07235025
VALENÇA - RJ,RJ,-22.24471943,-43.70484368
VALINHOS - SP,SP,-22.971244,-46.99663003
VALPARAÍSO - SP,SP,-21.22557528,-50.86930812
VALPARAÍSO DE GOIÁS - GO,GO,-16.06957526,-47.98411135
VARGEM ALTA - ES,ES,-20.6716782,-41.00714836
VARGEM BONITA - SC,SC,-27.0032416,-51.74474018
VARGINHA - MG,MG,-20.90267754,-42.3955896
VENDA NOVA DO IMIGRANTE - ES,ES,-20.33151818,-41.12905321
VENTUROSA - PE,PE,-8.576526901,-36.87837208
VENÂNCIO AIRES - RS,RS,-29.61165289,-52.19188024
VERA - MT,MT,-12.28404886,-55.30091857
VERANÓPOLIS - RS,RS,-28.93395734,-51.5522869
VERDELÂNDIA - MG,MG,-15.59454235,-43.60602226
VERÍSSIMO - MG,MG,-19.66935783,-48.30371058
VIAMÃO - RS,RS,-30.08189684,-51.02482049
VIANA - ES,ES,-20.39086251,-40.49562434
VICENTINA - MS,MS,-22.40178756,-54.44212478
VICTOR GRAEFF - RS,RS,-28.56018463,-52.74779179
VICÊNCIA - PE,PE,-7.6529595,-35.32030069
VIDEIRA - SC,SC,-27.00612907,-51.15170528
VILA BITTENCOURT - AM,AM,-1.395262075,-69.42636107
VILA PROPÍCIO - GO,GO,-15.45463482,-48.88242208
VILA VELHA - ES,ES,-20.3383741,-40.29395664
VILHENA - RO,RO,-12.74137347,-60.13858387
VIRGEM DA LAPA - MG,MG,-16.80214886,-42.34328107
VISTA ALEGRE DO ALTO - SP,SP,-21.16715408,-48.63017136
VISTA ALEGRE DO PRATA - RS,RS,-28.8094723,-51.7862084
VITÓRIA - ES,ES,-20.32015379,-40.32220873
VITÓRIA DA CONQUISTA - BA,BA,-14.84800481,-40.83980954
VITÓRIA DE SANTO ANTÃO - PE,PE,-8.118748,-35.29386424
VIÇOSA DO CEARÁ - CE,CE,-3.566012753,-41.09162908
VOLTA GRANDE - MG,MG,-21.77071115,-42.54128495
VOLTA REDONDA - RJ,RJ,-22.5099676,-44.09352188
VOTORANTIM - SP,SP,-23.54187121,-47.44973806
VÁRZEA DA PALMA - MG,MG,-17.59757018,-44.73034658
VÁRZEA GRANDE - MT,MT,-15.65806482,-56.14466374
VÁRZEA NOVA - BA,BA,-11.2572312,-40.94584593
VÁRZEA PAULISTA - SP,SP,-23.2144665,-46.82989022
WANDERLÂNDIA - TO,TO,-6.850125517,-47.95626773
WENCESLAU BRAZ - MG,MG,-22.52901304,-45.35677395
XANGRI-LÁ - RS,RS,-29.80537819,-50.03908142
XANXERÊ - SC,SC,-26.8745845,-52.40466714
XAXIM - SC,SC,-26.9637195,-52.53493252
XIQUE-XIQUE - BA,BA,-10.82497442,-42.725508
ÁGUA BOA - MT,MT,-14.0490868,-52.1589153
ÁGUA CLARA - MS,MS,-20.44885076,-52.87511755
ÁGUA DOCE - SC,SC,-27.00409166,-51.55909656
ÁGUA FRIA DE GOIÁS - GO,GO,-14.98553527,-47.78221216
ÁGUAS DE CHAPECÓ - SC,SC,-27.07621291,-52.98725101
ÁGUAS DE SANTA BÁRBARA - SP,SP,-22.86914941,-49.23860777
ÁGUAS DE SÃO PEDRO - SP,SP,-22.59733955,-47.88397474
ÁGUAS FRIAS - SC,SC,-26.88022754,-52.85941945
ÁGUAS VERMELHAS - MG,MG,-15.74531995,-41.4587883
ÁUREA - RS,RS,-27.69378665,-52.05417567
ÓBIDOS - PA,PA,-1.909235496,-55.51632351
